nplc,pair,elapsed_s_total,source_v_neg,current_neg_a,voltage_neg_v,source_v_pos,current_pos_a,voltage_pos_v,delta_v,delta_i,differential_resistance_ohm
0.1,0,2.184495400000742,-0.03,-2.12482e-06,-0.0298388574,0.03,1.963951e-06,0.0300573988,0.0598962562,4.0887709999999995e-06,14648.963270381248
0.1,1,2.184495400000742,-0.03,-1.866904e-06,-0.0299192554,0.03,2.137484e-06,0.0301395904,0.060058845799999996,4.004388e-06,14998.258360578446
0.1,2,2.184495400000742,-0.03,-1.833684e-06,-0.0299102293,0.03,2.116988e-06,0.0300796353,0.0599898646,3.950672e-06,15184.724168445266
0.1,3,2.184495400000742,-0.03,-1.608982e-06,-0.0299347372,0.03,1.980668e-06,0.0302657769,0.0602005141,3.5896499999999996e-06,16770.580446561646
0.1,4,2.184495400000742,-0.03,-2.06963e-06,-0.0298753204,0.03,1.818329e-06,0.0301514857,0.060026806099999996,3.887959e-06,15439.156148508766
0.1,5,2.184495400000742,-0.03,-1.79322e-06,-0.0297260612,0.03,1.860183e-06,0.0301702553,0.059896316500000005,3.653403e-06,16394.664508678623
0.1,6,2.184495400000742,-0.03,-2.110583e-06,-0.0300298399,0.03,2.047163e-06,0.0300992418,0.0601290817,4.157746e-06,14461.9420474459
0.1,7,2.184495400000742,-0.03,-1.80882e-06,-0.0299267871,0.03,1.865938e-06,0.0300955357,0.0600223228,3.674758e-06,16333.680421948873
0.1,8,2.184495400000742,-0.03,-1.725684e-06,-0.0299080774,0.03,2.129054e-06,0.0302999089,0.0602079863,3.854738e-06,15619.216221699113
0.1,9,2.184495400000742,-0.03,-2.054887e-06,-0.0298767551,0.03,1.817387e-06,0.0299966068,0.0598733619,3.872274e-06,15462.067482827919
0.1,10,2.184495400000742,-0.03,-1.8127e-06,-0.0297467435,0.03,1.832552e-06,0.0301652939,0.0599120374,3.645252e-06,16435.636658316078
0.1,11,2.184495400000742,-0.03,-2.108853e-06,-0.0300512993,0.03,2.077476e-06,0.0301228532,0.0601741525,4.186329e-06,14373.966427387813
0.1,12,2.184495400000742,-0.03,-1.79901e-06,-0.029746624,0.03,1.950509e-06,0.0302298517,0.059976475700000004,3.7495189999999997e-06,15995.778578532341
0.1,13,2.184495400000742,-0.03,-1.639083e-06,-0.029905507,0.03,2.089533e-06,0.0301704944,0.0600760014,3.7286159999999998e-06,16112.144935278937
0.1,14,2.184495400000742,-0.03,-2.199509e-06,-0.0298700602,0.03,1.824959e-06,0.029978973,0.0598490332,4.024468e-06,14871.290615306172
0.1,15,2.184495400000742,-0.03,-1.921199e-06,-0.0299781939,0.03,1.670122e-06,0.0301493936,0.060127587499999996,3.591321e-06,16742.470945927693
0.1,16,2.184495400000742,-0.03,-2.060068e-06,-0.0299194347,0.03,2.252392e-06,0.0300993015,0.060018736200000006,4.31246e-06,13917.517194362383
0.1,17,2.184495400000742,-0.03,-1.800669e-06,-0.02973437,0.03,1.993922e-06,0.0302186737,0.0599530437,3.7945909999999996e-06,15799.606255325016
0.1,18,2.184495400000742,-0.03,-1.603203e-06,-0.0299162068,0.03,1.981392e-06,0.0300792169,0.0599954237,3.584595e-06,16737.015952987716
0.1,19,2.184495400000742,-0.03,-2.305563e-06,-0.0298778908,0.03,1.978662e-06,0.030210066,0.0600879568,4.2842250000000005e-06,14025.397078818221
0.1,20,2.184495400000742,-0.03,-2.241418e-06,-0.0298778908,0.03,1.458037e-06,0.0299976828,0.0598755736,3.699455e-06,16184.971462012647
0.1,21,2.184495400000742,-0.03,-1.693219e-06,-0.0299073601,0.03,2.569383e-06,0.0302811393,0.0601884994,4.262602e-06,14120.131178092628
0.1,22,2.184495400000742,-0.03,-2.096262e-06,-0.0298957039,0.03,2.351651e-06,0.0301411445,0.0600368484,4.447913e-06,13497.756903068923
0.1,23,2.184495400000742,-0.03,-1.6274e-06,-0.0297940259,0.03,1.694092e-06,0.030159137,0.059953162899999995,3.321492e-06,18050.069938449345
0.1,24,2.184495400000742,-0.03,-2.50284e-06,-0.0299640272,0.03,2.291709e-06,0.030107969,0.0600719962,4.794549e-06,12529.227712554402
0.1,25,2.184495400000742,-0.03,-2.48268e-06,-0.0298678485,0.03,1.84594e-06,0.0300958943,0.0599637428,4.32862e-06,13852.854443217468
0.1,26,2.184495400000742,-0.03,-1.569549e-06,-0.0298870962,0.03,2.205513e-06,0.0301799988,0.060067095,3.775062e-06,15911.55191623343
0.1,27,2.184495400000742,-0.03,-2.303296e-06,-0.029879445,0.03,2.466099e-06,0.0301685218,0.060047966800000005,4.769395e-06,12590.269164118301
0.1,28,2.184495400000742,-0.03,-1.805293e-06,-0.0297979711,0.03,1.480266e-06,0.0301092841,0.0599072552,3.285559e-06,18233.504618240004
0.1,29,2.184495400000742,-0.03,-2.112644e-06,-0.0299764604,0.03,2.495608e-06,0.0301765318,0.0601529922,4.608252e-06,13053.320912137617
0.1,30,2.184495400000742,-0.03,-2.425568e-06,-0.0299233799,0.03,1.837526e-06,0.030052796,0.0599761759,4.263094e-06,14068.696561699084
0.1,31,2.184495400000742,-0.03,-1.401634e-06,-0.0298490193,0.03,2.139967e-06,0.0302483822,0.0600974015,3.541601e-06,16968.992695676334
0.1,32,2.184495400000742,-0.03,-2.480358e-06,-0.0299250536,0.03,2.12878e-06,0.0301109578,0.060036011400000006,4.609138e-06,13025.431523204556
0.1,33,2.184495400000742,-0.03,-1.938855e-06,-0.0299503984,0.03,1.753889e-06,0.0301406066,0.060091005,3.6927439999999998e-06,16272.724293912604
0.1,34,2.184495400000742,-0.03,-2.05425e-06,-0.0298420853,0.03,2.198002e-06,0.0301304447,0.05997253,4.252252e-06,14103.710222253996
0.1,35,2.184495400000742,-0.03,-2.096132e-06,-0.0300453815,0.03,2.16868e-06,0.0301076104,0.060152991899999994,4.264812e-06,14104.488521416653
0.1,36,2.184495400000742,-0.03,-1.813735e-06,-0.0297298271,0.03,1.859209e-06,0.0301822105,0.0599120376,3.672944e-06,16311.720951912146
0.1,37,2.184495400000742,-0.03,-2.102502e-06,-0.0299337808,0.03,2.073437e-06,0.0301611694,0.0600949502,4.175939e-06,14390.76341871852
0.1,38,2.184495400000742,-0.03,-2.222236e-06,-0.0298817164,0.03,1.835531e-06,0.0300179468,0.0598996632,4.057767e-06,14761.730577433353
0.1,39,2.184495400000742,-0.03,-1.827994e-06,-0.0299169839,0.03,2.125791e-06,0.0302970396,0.0602140235,3.953785e-06,15229.463286445773
0.1,40,2.184495400000742,-0.03,-1.935217e-06,-0.0298274403,0.03,2.368693e-06,0.0301508282,0.0599782685,4.30391e-06,13935.762713439639
0.1,41,2.184495400000742,-0.03,-1.988396e-06,-0.0299408343,0.03,1.598027e-06,0.0301490947,0.060089929,3.5864230000000005e-06,16754.835946568488
0.1,42,2.184495400000742,-0.03,-1.973536e-06,-0.0298129747,0.03,1.77051e-06,0.0301635007,0.0599764754,3.744046e-06,16019.160929112515
0.1,43,2.184495400000742,-0.03,-2.533633e-06,-0.0300404201,0.03,2.107627e-06,0.0301419216,0.0601823417,4.64126e-06,12966.81110301944
0.1,44,2.184495400000742,-0.03,-1.410865e-06,-0.0299250536,0.03,1.990141e-06,0.0300646914,0.059989745,3.401006e-06,17638.82363041994
0.1,45,2.184495400000742,-0.03,-1.749922e-06,-0.0299017412,0.03,2.578482e-06,0.0302808404,0.06018258160000001,4.328404e-06,13904.10451519775
0.1,46,2.184495400000742,-0.03,-2.12638e-06,-0.0298968994,0.03,1.420728e-06,0.0300024051,0.0598993045,3.5471079999999997e-06,16886.800317328936
0.1,47,2.184495400000742,-0.03,-1.762241e-06,-0.0299204509,0.03,1.580401e-06,0.0301357647,0.060056215600000004,3.342642e-06,17966.690898995468
0.1,48,2.184495400000742,-0.03,-2.188813e-06,-0.0299306127,0.03,2.405988e-06,0.0301352267,0.0600658394,4.594801e-06,13072.566015372593
0.1,49,2.184495400000742,-0.03,-1.742869e-06,-0.0298444763,0.03,1.591179e-06,0.0301461358,0.0599906121,3.3340480000000002e-06,17993.325860935412
0.1,50,2.184495400000742,-0.03,-1.375473e-06,-0.029923363,0.03,2.133604e-06,0.0301941927,0.060117555700000005,3.509077e-06,17132.01383155742
0.1,51,2.184495400000742,-0.03,-2.552763e-06,-0.0298473331,0.03,1.851862e-06,0.0300469737,0.059894306800000005,4.404625e-06,13598.049050713738
0.1,52,2.184495400000742,-0.03,-1.393968e-06,-0.0299219882,0.03,1.718131e-06,0.03018176,0.0601037482,3.112099e-06,19312.92937660402
0.1,53,2.184495400000742,-0.03,-2.10629e-06,-0.02997656,0.03,2.574545e-06,0.030189112,0.060165672,4.680835e-06,12853.61949310326
0.1,54,2.184495400000742,-0.03,-1.501891e-06,-0.0298110515,0.03,1.654709e-06,0.0301586282,0.0599696797,3.1566e-06,18998.187828676426
0.1,55,2.184495400000742,-0.03,-1.638595e-06,-0.0299114683,0.03,2.425565e-06,0.0302485256,0.0601599939,4.06416e-06,14802.565327152475
0.1,56,2.184495400000742,-0.03,-2.254622e-06,-0.0298557609,0.03,1.461537e-06,0.0299766218,0.0598323827,3.7161590000000004e-06,16100.598144481975
0.1,57,2.184495400000742,-0.03,-1.757626e-06,-0.029901068,0.03,1.555072e-06,0.0301320893,0.0600331573,3.312698e-06,18122.134073193512
0.1,58,2.184495400000742,-0.03,-2.161337e-06,-0.029918641,0.03,2.401734e-06,0.0301507383,0.0600693793,4.563070999999999e-06,13164.243839291566
0.1,59,2.184495400000742,-0.03,-1.757691e-06,-0.029856,0.03,1.577688e-06,0.0300684319,0.059924431900000005,3.3353790000000003e-06,17966.303649450332
0.3,0,3.555086399999709,-0.03,-1.809766e-06,-0.029892334,0.03,2.292668e-06,0.0301368177,0.0600291517,4.1024339999999996e-06,14632.569762243586
0.3,1,3.555086399999709,-0.03,-2.336526e-06,-0.0298799329,0.03,1.95558e-06,0.0300862404,0.059966173299999995,4.292106e-06,13971.270350732251
0.3,2,3.555086399999709,-0.03,-1.608174e-06,-0.0298752466,0.03,2.03966e-06,0.0301400694,0.060015316,3.6478339999999997e-06,16452.315538481194
0.3,3,3.555086399999709,-0.03,-2.313227e-06,-0.0298952032,0.03,2.040209e-06,0.0300979722,0.0599931754,4.353436e-06,13780.64944563329
0.3,4,3.555086399999709,-0.03,-1.734475e-06,-0.0298403384,0.03,1.629093e-06,0.0301369612,0.0599772996,3.3635680000000003e-06,17831.45148247337
0.3,5,3.555086399999709,-0.03,-2.315575e-06,-0.029879885,0.03,2.310546e-06,0.0301537299,0.0600336149,4.6261210000000004e-06,12977.095692049557
0.3,6,3.555086399999709,-0.03,-1.855174e-06,-0.0298545248,0.03,1.62309e-06,0.0301211966,0.0599757214,3.478264e-06,17243.004383796055
0.3,7,3.555086399999709,-0.03,-1.789693e-06,-0.0299204997,0.03,2.311056e-06,0.0301271581,0.0600476578,4.100749e-06,14643.09515164181
0.3,8,3.555086399999709,-0.03,-2.018601e-06,-0.0298705124,0.03,1.630829e-06,0.0301290709,0.0599995833,3.6494299999999997e-06,16440.809468875963
0.3,9,3.555086399999709,-0.03,-1.799838e-06,-0.0299201171,0.03,2.111012e-06,0.0301754401,0.0600955572,3.91085e-06,15366.367209174476
0.3,10,3.555086399999709,-0.03,-2.050484e-06,-0.0298910429,0.03,1.853054e-06,0.0301149801,0.060006023000000006,3.903538e-06,15372.214386026217
0.3,11,3.555086399999709,-0.03,-1.650867e-06,-0.0298890664,0.03,2.009255e-06,0.0301881282,0.0600771946,3.660122e-06,16413.98691081882
0.3,12,3.555086399999709,-0.03,-2.334905e-06,-0.0299051815,0.03,1.860589e-06,0.0301504623,0.0600556438,4.195493999999999e-06,14314.320030013156
0.3,13,3.555086399999709,-0.03,-1.615831e-06,-0.0298952829,0.03,1.944499e-06,0.0301806046,0.0600758875,3.56033e-06,16873.685164015697
0.3,14,3.555086399999709,-0.03,-2.311429e-06,-0.0299204837,0.03,2.309543e-06,0.0301411055,0.0600615892,4.620972e-06,12997.609420701963
0.3,15,3.555086399999709,-0.03,-1.624332e-06,-0.0299027746,0.03,1.819497e-06,0.0301705146,0.060073289200000005,3.443829e-06,17443.749152469532
0.3,16,3.555086399999709,-0.03,-2.315835e-06,-0.0299075406,0.03,2.248997e-06,0.0301084447,0.060015985300000005,4.564832e-06,13147.46858153816
0.3,17,3.555086399999709,-0.03,-1.940765e-06,-0.0298357158,0.03,1.825335e-06,0.030124815,0.059960530799999995,3.7661e-06,15921.120203924484
0.3,18,3.555086399999709,-0.03,-2.124602e-06,-0.0299225719,0.03,2.309185e-06,0.0301410896,0.060063661500000004,4.433787e-06,13546.808067234624
0.3,19,3.555086399999709,-0.03,-1.912346e-06,-0.0298286226,0.03,1.636097e-06,0.0301196186,0.0599482412,3.548443e-06,16894.238177138537
0.3,20,3.555086399999709,-0.03,-2.118405e-06,-0.0298852727,0.03,2.356147e-06,0.0301302345,0.0600155072,4.474552e-06,13412.629286686131
0.3,21,3.555086399999709,-0.03,-2.011941e-06,-0.0298360506,0.03,1.641837e-06,0.0301084128,0.0599444634,3.653778e-06,16406.159159095052
0.3,22,3.555086399999709,-0.03,-1.672483e-06,-0.0298827558,0.03,2.340441e-06,0.0301256229,0.060008378700000004,4.012924e-06,14953.779015002528
0.3,23,3.555086399999709,-0.03,-2.276551e-06,-0.0298994295,0.03,1.68127e-06,0.0300873975,0.059986827000000006,3.957821e-06,15156.528554474799
0.3,24,3.555086399999709,-0.03,-1.629169e-06,-0.0298817834,0.03,1.878622e-06,0.0301682797,0.0600500631,3.507791e-06,17119.05387179567
0.3,25,3.555086399999709,-0.03,-1.732194e-06,-0.0298857526,0.03,2.079102e-06,0.0301685347,0.060054287299999995,3.811296e-06,15756.920296927867
0.3,26,3.555086399999709,-0.03,-2.300965e-06,-0.0298900406,0.03,1.980158e-06,0.0300924028,0.0599824434,4.281123e-06,14010.913351473435
0.3,27,3.555086399999709,-0.03,-1.657852e-06,-0.0298598335,0.03,2.067356e-06,0.0301515581,0.0600113916,3.7252079999999997e-06,16109.541158507123
0.3,28,3.555086399999709,-0.03,-2.328382e-06,-0.0298891639,0.03,2.006047e-06,0.0300899161,0.059979080000000004,4.334429e-06,13837.82731243262
0.3,29,3.555086399999709,-0.03,-1.649393e-06,-0.0298623839,0.03,1.697421e-06,0.0301501872,0.0600125711,3.346814e-06,17931.253753569814
0.3,30,3.555086399999709,-0.03,-2.323132e-06,-0.029871725,0.03,2.275847e-06,0.0301482584,0.0600199834,4.598979e-06,13050.719170494145
0.3,31,3.555086399999709,-0.03,-1.78291e-06,-0.0298476869,0.03,1.658565e-06,0.0301281415,0.0599758284,3.441475e-06,17427.361349421397
0.3,32,3.555086399999709,-0.03,-1.884e-06,-0.0299270383,0.03,2.339589e-06,0.030145947,0.0600729853,4.223589e-06,14223.208105712938
0.3,33,3.555086399999709,-0.03,-2.197858e-06,-0.0298652213,0.03,1.660429e-06,0.0301162817,0.059981503000000005,3.858286999999999e-06,15546.148588738995
0.3,34,3.555086399999709,-0.03,-1.677941e-06,-0.0298951415,0.03,2.000551e-06,0.0301979449,0.060093086399999995,3.6784920000000002e-06,16336.33739043064
0.3,35,3.555086399999709,-0.03,-2.206116e-06,-0.0299035899,0.03,1.881158e-06,0.0301131096,0.0600166995,4.0872739999999995e-06,14683.796461896121
0.3,36,3.555086399999709,-0.03,-1.646996e-06,-0.0298891001,0.03,2.010109e-06,0.0301842042,0.0600733043,3.657105e-06,16426.464184101904
0.3,37,3.555086399999709,-0.03,-2.307087e-06,-0.0299121499,0.03,1.894648e-06,0.0301276154,0.0600397653,4.201735e-06,14289.279381017604
0.3,38,3.555086399999709,-0.03,-1.610985e-06,-0.0298893073,0.03,1.902467e-06,0.0301772063,0.060066513599999996,3.513452e-06,17096.15318495884
0.3,39,3.555086399999709,-0.03,-2.314667e-06,-0.0299263847,0.03,2.305867e-06,0.0301402403,0.060066625,4.6205340000000006e-06,12999.931393211258
0.3,40,3.555086399999709,-0.03,-1.609312e-06,-0.0299029204,0.03,1.714859e-06,0.0301557982,0.060058718600000005,3.324171e-06,18067.27710457735
0.3,41,3.555086399999709,-0.03,-2.206196e-06,-0.0299370011,0.03,2.309459e-06,0.0301579343,0.0600949354,4.515655e-06,13308.132574344143
0.3,42,3.555086399999709,-0.03,-2.044486e-06,-0.0298551629,0.03,1.710944e-06,0.030156659,0.0600118219,3.75543e-06,15980.013447195128
0.3,43,3.555086399999709,-0.03,-2.016784e-06,-0.0299110022,0.03,2.3414e-06,0.030147015,0.0600580172,4.358184e-06,13780.514361027439
0.3,44,3.555086399999709,-0.03,-2.029197e-06,-0.0298463319,0.03,1.736089e-06,0.030098779,0.0599451109,3.7652860000000002e-06,15920.466838375623
0.3,45,3.555086399999709,-0.03,-2.014335e-06,-0.0298895624,0.03,2.322992e-06,0.030155862,0.0600454244,4.337327e-06,13843.877669357187
0.3,46,3.555086399999709,-0.03,-2.143313e-06,-0.029868792,0.03,1.759581e-06,0.0300901552,0.0599589472,3.902894e-06,15362.689122481934
0.3,47,3.555086399999709,-0.03,-1.633315e-06,-0.0298975645,0.03,2.352346e-06,0.0301300065,0.060027571,3.985661e-06,15060.882247637219
0.3,48,3.555086399999709,-0.03,-2.216536e-06,-0.0298623361,0.03,1.639258e-06,0.0301046292,0.0599669653,3.855794e-06,15552.429745987469
0.3,49,3.555086399999709,-0.03,-1.663986e-06,-0.0298898493,0.03,1.961237e-06,0.0301892095,0.0600790588,3.625223e-06,16572.513966727012
0.3,50,3.555086399999709,-0.03,-2.229645e-06,-0.0298893711,0.03,1.943183e-06,0.0301211914,0.0600105625,4.172828e-06,14381.269129712513
0.3,51,3.555086399999709,-0.03,-1.621729e-06,-0.0299000512,0.03,1.947865e-06,0.0301843636,0.0600844148,3.569594e-06,16832.282550900745
0.3,52,3.555086399999709,-0.03,-2.215376e-06,-0.0299356142,0.03,2.105911e-06,0.0301350596,0.0600706738,4.321287e-06,13901.107193296813
0.3,53,3.555086399999709,-0.03,-1.837155e-06,-0.0298699875,0.03,1.683258e-06,0.0301431574,0.060013144899999996,3.520413e-06,17047.18875313777
0.3,54,3.555086399999709,-0.03,-2.029262e-06,-0.0299443177,0.03,2.338195e-06,0.0301562127,0.060100530400000005,4.367457e-06,13760.989610201086
0.3,55,3.555086399999709,-0.03,-1.839305e-06,-0.029894201,0.03,1.623752e-06,0.0301472382,0.0600414392,3.463057e-06,17337.69880195446
0.3,56,3.555086399999709,-0.03,-1.92719e-06,-0.0299476333,0.03,2.340681e-06,0.0301642467,0.06011188,4.267871e-06,14084.746235300927
0.3,57,3.555086399999709,-0.03,-2.28086e-06,-0.0298946633,0.03,1.61951e-06,0.0301444327,0.060039096,3.9003699999999996e-06,15393.179621420533
0.3,58,3.555086399999709,-0.03,-1.71993e-06,-0.0299074156,0.03,2.271357e-06,0.0301773976,0.060084813200000003,3.991287e-06,15053.99466387659
0.3,59,3.555086399999709,-0.03,-2.292568e-06,-0.0299008641,0.03,2.021048e-06,0.0300800649,0.059980929,4.313615999999999e-06,13905.02283930698
1.0,0,7.936644899999919,-0.03,-1.982352e-06,-0.0298919935,0.03,1.990507e-06,0.0301425606,0.0600345541,3.972859e-06,15111.171602113238
1.0,1,7.936644899999919,-0.03,-1.981332e-06,-0.0298927683,0.03,1.989332e-06,0.0301416328,0.060034401099999996,3.970664000000001e-06,15119.486589648479
1.0,2,7.936644899999919,-0.03,-1.982326e-06,-0.0298922661,0.03,1.988694e-06,0.0301394473,0.0600317134,3.9710199999999995e-06,15117.454306450234
1.0,3,7.936644899999919,-0.03,-1.981424e-06,-0.0298931269,0.03,1.989504e-06,0.0301403512,0.060033478099999996,3.9709279999999995e-06,15118.24895842987
1.0,4,7.936644899999919,-0.03,-1.980037e-06,-0.0298927635,0.03,1.98868e-06,0.0301394521,0.060032215599999994,3.968717e-06,15126.3533277883
1.0,5,7.936644899999919,-0.03,-1.979448e-06,-0.0298933517,0.03,1.988399e-06,0.0301396912,0.0600330429,3.967847e-06,15129.878470616433
1.0,6,7.936644899999919,-0.03,-1.981345e-06,-0.0298928878,0.03,1.98826e-06,0.0301408581,0.060033745900000005,3.9696050000000004e-06,15123.355069333094
1.0,7,7.936644899999919,-0.03,-1.978836e-06,-0.0298925817,0.03,1.988248e-06,0.0301415085,0.0600340902,3.967084e-06,15133.052438516552
1.0,8,7.936644899999919,-0.03,-1.978406e-06,-0.0298940499,0.03,1.988258e-06,0.0301408246,0.0600348745,3.966664e-06,15134.852485615116
1.0,9,7.936644899999919,-0.03,-1.980667e-06,-0.0298913479,0.03,1.987697e-06,0.0301404516,0.0600317995,3.968364000000001e-06,15127.594016073119
1.0,10,7.936644899999919,-0.03,-1.980302e-06,-0.0298912714,0.03,1.986927e-06,0.0301389643,0.060030235700000004,3.967229e-06,15131.527748965336
1.0,11,7.936644899999919,-0.03,-1.97926e-06,-0.0298928687,0.03,1.988214e-06,0.0301419533,0.060034822,3.967473999999999e-06,15131.749319592267
1.0,12,7.936644899999919,-0.03,-1.980357e-06,-0.0298935382,0.03,1.987588e-06,0.0301413363,0.0600348745,3.9679449999999995e-06,15129.966393183375
1.0,13,7.936644899999919,-0.03,-1.980489e-06,-0.0298940021,0.03,1.987358e-06,0.0301399017,0.060033903799999996,3.967847e-06,15130.09543966791
1.0,14,7.936644899999919,-0.03,-1.978046e-06,-0.0298918596,0.03,1.986931e-06,0.0301420393,0.0600338989,3.964977000000001e-06,15141.04593797139
1.0,15,7.936644899999919,-0.03,-1.978129e-06,-0.0298922518,0.03,1.986723e-06,0.0301405903,0.0600328421,3.964852e-06,15141.25674804507
1.0,16,7.936644899999919,-0.03,-1.979135e-06,-0.0298922805,0.03,1.985893e-06,0.030141475,0.0600337555,3.965028e-06,15140.81502072621
1.0,17,7.936644899999919,-0.03,-1.978656e-06,-0.029893959,0.03,1.986787e-06,0.0301407625,0.0600347215,3.965443e-06,15139.474076414665
1.0,18,7.936644899999919,-0.03,-1.978358e-06,-0.0298941695,0.03,1.987103e-06,0.0301406238,0.0600347933,3.9654609999999995e-06,15139.423461736229
1.0,19,7.936644899999919,-0.03,-1.979109e-06,-0.02989295,0.03,1.986566e-06,0.0301383618,0.0600313118,3.965675e-06,15137.728583406357
1.0,20,7.936644899999919,-0.03,-1.978798e-06,-0.0298943225,0.03,1.986739e-06,0.0301420298,0.0600363523,3.965537e-06,15139.526450011688
1.0,21,7.936644899999919,-0.03,-1.977497e-06,-0.029892663,0.03,1.986341e-06,0.0301420441,0.0600347071,3.963838e-06,15145.60057701652
1.0,22,7.936644899999919,-0.03,-1.978465e-06,-0.0298926248,0.03,1.986288e-06,0.0301421159,0.0600347407,3.9647529999999995e-06,15142.113695355047
1.0,23,7.936644899999919,-0.03,-1.978088e-06,-0.0298915966,0.03,1.985308e-06,0.0301404994,0.060032096,3.963396e-06,15146.630818621203
1.0,24,7.936644899999919,-0.03,-1.977255e-06,-0.0298927443,0.03,1.986232e-06,0.0301405425,0.0600332868,3.963487e-06,15146.583500841558
1.0,25,7.936644899999919,-0.03,-1.976258e-06,-0.0298916827,0.03,1.986468e-06,0.0301404325,0.0600321152,3.962726e-06,15149.196588409091
1.0,26,7.936644899999919,-0.03,-1.978036e-06,-0.0298920222,0.03,1.985768e-06,0.030141365,0.060033387199999996,3.963804e-06,15145.397501995556
1.0,27,7.936644899999919,-0.03,-1.978177e-06,-0.029891544,0.03,1.985044e-06,0.030141432,0.060032976,3.963221e-06,15147.521674920474
1.0,28,7.936644899999919,-0.03,-1.97643e-06,-0.0298919409,0.03,1.985216e-06,0.0301427184,0.0600346593,3.961646e-06,15153.968653433445
1.0,29,7.936644899999919,-0.03,-1.977161e-06,-0.0298913766,0.03,1.983535e-06,0.0301407194,0.060032096,3.960696e-06,15156.956252133463
1.0,30,7.936644899999919,-0.03,-1.977392e-06,-0.0298907549,0.03,1.984093e-06,0.0301399208,0.0600306757,3.961485e-06,15153.57894829843
1.0,31,7.936644899999919,-0.03,-1.975792e-06,-0.0298934808,0.03,1.986499e-06,0.0301409059,0.0600343867,3.962291e-06,15151.433021956238
1.0,32,7.936644899999919,-0.03,-1.977402e-06,-0.0298922231,0.03,1.986365e-06,0.030140289,0.060032512100000004,3.963767e-06,15145.318102703819
1.0,33,7.936644899999919,-0.03,-1.97811e-06,-0.0298932656,0.03,1.984896e-06,0.0301419007,0.0600351663,3.963006000000001e-06,15148.896140959663
1.0,34,7.936644899999919,-0.03,-1.978869e-06,-0.029893696,0.03,1.987436e-06,0.0301409585,0.0600346545,3.966305e-06,15136.166911016677
1.0,35,7.936644899999919,-0.03,-1.977101e-06,-0.0298916492,0.03,1.986515e-06,0.0301398873,0.060031536499999996,3.963616e-06,15145.648947829455
1.0,36,7.936644899999919,-0.03,-1.97746e-06,-0.0298921035,0.03,1.985699e-06,0.0301410494,0.0600331529,3.963159e-06,15147.803280161103
1.0,37,7.936644899999919,-0.03,-1.977936e-06,-0.0298949155,0.03,1.985033e-06,0.0301403129,0.0600352284,3.962968999999999e-06,15149.053247703934
1.0,38,7.936644899999919,-0.03,-1.976608e-06,-0.0298960106,0.03,1.986436e-06,0.0301404038,0.0600364144,3.9630439999999995e-06,15149.065819102692
1.0,39,7.936644899999919,-0.03,-1.97784e-06,-0.0298936099,0.03,1.984118e-06,0.0301413596,0.0600349695,3.9619580000000005e-06,15152.85358905874
1.0,40,7.936644899999919,-0.03,-1.977737e-06,-0.0298930535,0.03,1.984273e-06,0.0301411731,0.060034226600000004,3.96201e-06,15152.467207301344
1.0,41,7.936644899999919,-0.03,-1.976038e-06,-0.0298912219,0.03,1.984722e-06,0.0301414361,0.060032658,3.96076e-06,15156.853230188146
1.0,42,7.936644899999919,-0.03,-1.976425e-06,-0.0298932639,0.03,1.984434e-06,0.0301410152,0.060034279100000004,3.960859e-06,15156.883670941077
1.0,43,7.936644899999919,-0.03,-1.977533e-06,-0.0298933739,0.03,1.989698e-06,0.0301408909,0.0600342648,3.967231e-06,15132.535715717084
1.0,44,7.936644899999919,-0.03,-1.979238e-06,-0.0298919344,0.03,1.988281e-06,0.0301408766,0.060032811000000005,3.967519e-06,15131.070827890177
1.0,45,7.936644899999919,-0.03,-1.979586e-06,-0.0298927139,0.03,1.987721e-06,0.0301405848,0.0600332987,3.967307e-06,15132.002312903942
1.0,46,7.936644899999919,-0.03,-1.980493e-06,-0.029893876,0.03,1.988795e-06,0.0301405753,0.0600344513,3.969288e-06,15124.740583197792
1.0,47,7.936644899999919,-0.03,-1.979045e-06,-0.0298932496,0.03,1.988959e-06,0.0301413548,0.0600346044,3.968004e-06,15129.673357184114
1.0,48,7.936644899999919,-0.03,-1.978721e-06,-0.029893087,0.03,1.988594e-06,0.0301410248,0.0600341118,3.967315e-06,15132.17674926241
1.0,49,7.936644899999919,-0.03,-1.981453e-06,-0.0298943064,0.03,1.988036e-06,0.030142799,0.0600371054,3.969489e-06,15124.643348299996
1.0,50,7.936644899999919,-0.03,-1.981666e-06,-0.0298930822,0.03,1.989305e-06,0.0301423065,0.0600353887,3.9709710000000004e-06,15118.566390940652
1.0,51,7.936644899999919,-0.03,-1.979293e-06,-0.0298929531,0.03,1.988662e-06,0.0301411109,0.060034064,3.967955e-06,15129.724001406265
1.0,52,7.936644899999919,-0.03,-1.980955e-06,-0.0298927761,0.03,1.989129e-06,0.0301408479,0.060033624,3.970084e-06,15121.499696228091
1.0,53,7.936644899999919,-0.03,-1.981763e-06,-0.0298944021,0.03,1.989466e-06,0.030141307,0.0600357091,3.9712289999999995e-06,15117.664858913955
1.0,54,7.936644899999919,-0.03,-1.98008e-06,-0.0298915375,0.03,1.988986e-06,0.0301424452,0.0600339827,3.969066e-06,15125.468485532869
1.0,55,7.936644899999919,-0.03,-1.980058e-06,-0.0298930344,0.03,1.989038e-06,0.0301399297,0.0600329641,3.969096e-06,15125.097528505234
1.0,56,7.936644899999919,-0.03,-1.981949e-06,-0.0298945503,0.03,1.990223e-06,0.0301415652,0.0600361155,3.972172e-06,15114.178212826635
1.0,57,7.936644899999919,-0.03,-1.980861e-06,-0.0298933309,0.03,1.990547e-06,0.0301402405,0.0600335714,3.971408e-06,15116.445200291684
1.0,58,7.936644899999919,-0.03,-1.980563e-06,-0.0298925657,0.03,1.990564e-06,0.0301425169,0.0600350826,3.9711270000000005e-06,15117.89539845993
1.0,59,7.936644899999919,-0.03,-1.982876e-06,-0.0298924892,0.03,1.989955e-06,0.0301421391,0.060034628300000004,3.972831e-06,15111.296780557745
2.0,0,15.153613399999813,-0.03,-1.984473e-06,-0.0298921168,0.03,1.99176e-06,0.0301407302,0.060032847,3.976233e-06,15097.919815061141
2.0,1,15.153613399999813,-0.03,-1.984567e-06,-0.029892124,0.03,1.99264e-06,0.0301406896,0.0600328136,3.977207000000001e-06,15094.214004953725
2.0,2,15.153613399999813,-0.03,-1.98548e-06,-0.0298920379,0.03,1.99292e-06,0.0301404026,0.060032440500000006,3.978400000000001e-06,15089.593932234062
2.0,3,15.153613399999813,-0.03,-1.986087e-06,-0.0298930183,0.03,1.992646e-06,0.030140154,0.0600331723,3.978733e-06,15088.51493679018
2.0,4,15.153613399999813,-0.03,-1.985288e-06,-0.0298926787,0.03,1.992381e-06,0.0301402879,0.0600329666,3.977668999999999e-06,15092.499300469699
2.0,5,15.153613399999813,-0.03,-1.985397e-06,-0.0298921288,0.03,1.993199e-06,0.030140319,0.0600324478,3.978596e-06,15088.852399188054
2.0,6,15.153613399999813,-0.03,-1.984953e-06,-0.0298919638,0.03,1.992598e-06,0.0301403859,0.0600323497,3.977551e-06,15092.79194660232
2.0,7,15.153613399999813,-0.03,-1.986076e-06,-0.0298929752,0.03,1.992051e-06,0.0301401157,0.0600330909,3.978127000000001e-06,15090.792953568349
2.0,8,15.153613399999813,-0.03,-1.986098e-06,-0.0298924683,0.03,1.992737e-06,0.030140747,0.0600332153,3.978835e-06,15088.13894016716
2.0,9,15.153613399999813,-0.03,-1.984412e-06,-0.0298923296,0.03,1.991893e-06,0.0301406107,0.060032940300000004,3.976305e-06,15097.669897052667
2.0,10,15.153613399999813,-0.03,-1.985215e-06,-0.0298922364,0.03,1.992139e-06,0.0301406155,0.0600328519,3.977353999999999e-06,15093.665763721312
2.0,11,15.153613399999813,-0.03,-1.986085e-06,-0.029892014,0.03,1.992873e-06,0.0301403979,0.0600324119,3.9789580000000005e-06,15087.470614165817
2.0,12,15.153613399999813,-0.03,-1.985189e-06,-0.0298910289,0.03,1.991973e-06,0.0301404552,0.060031484100000004,3.977162e-06,15094.050506366098
2.0,13,15.153613399999813,-0.03,-1.985413e-06,-0.0298925137,0.03,1.992063e-06,0.0301410698,0.0600335835,3.977476e-06,15093.386735708777
2.0,14,15.153613399999813,-0.03,-1.985306e-06,-0.0298916769,0.03,1.992667e-06,0.0301399172,0.0600315941,3.977973e-06,15091.000894173992
2.0,15,15.153613399999813,-0.03,-1.984874e-06,-0.0298920881,0.03,1.991855e-06,0.0301403883,0.0600324764,3.976729e-06,15095.94352544516
2.0,16,15.153613399999813,-0.03,-1.985788e-06,-0.0298926357,0.03,1.992911e-06,0.0301392621,0.0600318978,3.978699e-06,15088.323544957784
2.0,17,15.153613399999813,-0.03,-1.985025e-06,-0.0298926477,0.03,1.991854e-06,0.0301396877,0.0600323354,3.976879e-06,15095.338681413237
2.0,18,15.153613399999813,-0.03,-1.984592e-06,-0.0298918012,0.03,1.992849e-06,0.0301395801,0.0600313813,3.977441e-06,15092.965879317882
2.0,19,15.153613399999813,-0.03,-1.98501e-06,-0.0298915214,0.03,1.991764e-06,0.030139757,0.0600312784,3.9767739999999995e-06,15095.471455003479
2.0,20,15.153613399999813,-0.03,-1.984564e-06,-0.0298927624,0.03,1.991903e-06,0.0301398479,0.0600326103,3.976467e-06,15096.971834545591
2.0,21,15.153613399999813,-0.03,-1.986228e-06,-0.0298920283,0.03,1.992196e-06,0.0301397379,0.0600317662,3.978424e-06,15089.333414437478
2.0,22,15.153613399999813,-0.03,-1.984549e-06,-0.029892222,0.03,1.991748e-06,0.0301398216,0.0600320436,3.976297e-06,15097.474761065385
2.0,23,15.153613399999813,-0.03,-1.984231e-06,-0.0298923512,0.03,1.991753e-06,0.0301395084,0.0600318596,3.975984e-06,15098.616996446666
2.0,24,15.153613399999813,-0.03,-1.983846e-06,-0.0298926644,0.03,1.990916e-06,0.030139329,0.0600319934,3.974762e-06,15103.2925744988
2.0,25,15.153613399999813,-0.03,-1.984952e-06,-0.0298919494,0.03,1.991193e-06,0.0301390445,0.060030993899999996,3.9761450000000005e-06,15097.78790763415
2.0,26,15.153613399999813,-0.03,-1.984235e-06,-0.0298924707,0.03,1.991604e-06,0.0301394247,0.0600318954,3.975839e-06,15099.176651770858
2.0,27,15.153613399999813,-0.03,-1.983615e-06,-0.0298919901,0.03,1.99172e-06,0.0301398072,0.0600317973,3.975335e-06,15101.066274917712
2.0,28,15.153613399999813,-0.03,-1.984057e-06,-0.0298916936,0.03,1.991165e-06,0.0301400344,0.060031728000000006,3.975222000000001e-06,15101.478106128412
2.0,29,15.153613399999813,-0.03,-1.985565e-06,-0.0298918992,0.03,1.991961e-06,0.0301398455,0.0600317447,3.977526e-06,15092.734704939705
2.0,30,15.153613399999813,-0.03,-1.985025e-06,-0.0298921479,0.03,1.991904e-06,0.0301399651,0.060032113,3.976929e-06,15095.09297249209
2.0,31,15.153613399999813,-0.03,-1.983601e-06,-0.0298928461,0.03,1.991324e-06,0.0301402305,0.0600330766,3.974925e-06,15102.945741114612
2.0,32,15.153613399999813,-0.03,-1.984417e-06,-0.0298928079,0.03,1.991074e-06,0.0301394294,0.0600322373,3.975491e-06,15100.584380646316
2.0,33,15.153613399999813,-0.03,-1.98395e-06,-0.0298920044,0.03,1.989964e-06,0.0301399388,0.0600319432,3.973913999999999e-06,15106.502858390999
2.0,34,15.153613399999813,-0.03,-1.983787e-06,-0.0298928174,0.03,1.991058e-06,0.0301403166,0.060033134,3.974844999999999e-06,15103.26415243865
2.0,35,15.153613399999813,-0.03,-1.983876e-06,-0.0298925233,0.03,1.991298e-06,0.030139726,0.0600322493,3.975173999999999e-06,15101.791594531462
2.0,36,15.153613399999813,-0.03,-1.9838e-06,-0.0298928915,0.03,1.991002e-06,0.0301399435,0.060032835,3.974802e-06,15103.35231792678
2.0,37,15.153613399999813,-0.03,-1.984186e-06,-0.0298928963,0.03,1.989951e-06,0.0301398407,0.060032737,3.974137e-06,15105.854931523498
2.0,38,15.153613399999813,-0.03,-1.983256e-06,-0.029892815,0.03,1.99045e-06,0.0301402879,0.060033102899999996,3.973706e-06,15107.585437875874
2.0,39,15.153613399999813,-0.03,-1.982491e-06,-0.0298919973,0.03,1.990272e-06,0.0301404576,0.060032454900000004,3.972763e-06,15111.00835866625
2.0,40,15.153613399999813,-0.03,-1.982724e-06,-0.0298920929,0.03,1.990418e-06,0.0301408976,0.0600329905,3.973142e-06,15109.701717180005
2.0,41,15.153613399999813,-0.03,-1.98357e-06,-0.0298916553,0.03,1.989891e-06,0.0301400774,0.0600317327,3.973461e-06,15108.172119972991
2.0,42,15.153613399999813,-0.03,-1.981884e-06,-0.0298921742,0.03,1.988773e-06,0.0301396279,0.060031802100000003,3.970657e-06,15118.858692654643
2.0,43,15.153613399999813,-0.03,-1.982083e-06,-0.0298921001,0.03,1.989415e-06,0.030139922,0.0600320221,3.971498e-06,15115.71253466576
2.0,44,15.153613399999813,-0.03,-1.981491e-06,-0.0298921001,0.03,1.988682e-06,0.0301401731,0.0600322732,3.970173e-06,15120.820478100073
2.0,45,15.153613399999813,-0.03,-1.982314e-06,-0.029891519,0.03,1.989281e-06,0.0301397594,0.0600312784,3.971595e-06,15115.156102271254
2.0,46,15.153613399999813,-0.03,-1.982363e-06,-0.0298917247,0.03,1.989235e-06,0.030139647,0.0600313717,3.971598e-06,15115.16817663822
2.0,47,15.153613399999813,-0.03,-1.981804e-06,-0.0298910107,0.03,1.989418e-06,0.0301394952,0.0600305059,3.971222e-06,15116.381280119822
2.0,48,15.153613399999813,-0.03,-1.981743e-06,-0.0298915679,0.03,1.988195e-06,0.0301400978,0.0600316657,3.969938e-06,15121.562528180542
2.0,49,15.153613399999813,-0.03,-1.982129e-06,-0.0298927562,0.03,1.989047e-06,0.0301399017,0.060032657899999994,3.9711759999999995e-06,15117.098285243464
2.0,50,15.153613399999813,-0.03,-1.98215e-06,-0.0298922924,0.03,1.987657e-06,0.030140509,0.0600328014,3.969807e-06,15122.347610349825
2.0,51,15.153613399999813,-0.03,-1.980608e-06,-0.0298910944,0.03,1.987679e-06,0.0301399447,0.0600310391,3.968287e-06,15127.695930259077
2.0,52,15.153613399999813,-0.03,-1.979902e-06,-0.0298915607,0.03,1.987688e-06,0.0301399615,0.0600315222,3.96759e-06,15130.475225514732
2.0,53,15.153613399999813,-0.03,-1.980376e-06,-0.0298921465,0.03,1.987326e-06,0.0301405162,0.0600326627,3.967702e-06,15130.335569556384
2.0,54,15.153613399999813,-0.03,-1.98096e-06,-0.0298923689,0.03,1.98776e-06,0.0301405999,0.0600329688,3.9687199999999995e-06,15126.531677719771
2.0,55,15.153613399999813,-0.03,-1.980534e-06,-0.0298920222,0.03,1.988547e-06,0.0301409705,0.060032992699999996,3.969081e-06,15125.161895159104
2.0,56,15.153613399999813,-0.03,-1.981581e-06,-0.0298914866,0.03,1.990371e-06,0.0301408271,0.0600323137,3.971952e-06,15114.058201106158
2.0,57,15.153613399999813,-0.03,-1.982654e-06,-0.0298915511,0.03,1.990599e-06,0.0301402627,0.0600318138,3.9732529999999995e-06,15108.983445051199
2.0,58,15.153613399999813,-0.03,-1.983689e-06,-0.029891269,0.03,1.989793e-06,0.0301405832,0.0600318522,3.973482e-06,15108.1223471001
2.0,59,15.153613399999813,-0.03,-1.983146e-06,-0.029891972,0.03,1.99086e-06,0.0301400021,0.060031974099999996,3.974006e-06,15106.160911684581
3.0,0,31.48658660000001,-0.03,-1.985274e-06,-0.0298919539,0.03,1.991984e-06,0.030140608,0.0600325619,3.977258e-06,15093.957168481402
3.0,1,31.48658660000001,-0.03,-1.985196e-06,-0.0298918758,0.03,1.991426e-06,0.0301403785,0.0600322543,3.976622e-06,15096.293864491015
3.0,2,31.48658660000001,-0.03,-1.984656e-06,-0.0298919794,0.03,1.992126e-06,0.0301400198,0.060031999200000005,3.976782e-06,15095.622339871788
3.0,3,31.48658660000001,-0.03,-1.983872e-06,-0.0298917817,0.03,1.990875e-06,0.0301398253,0.060031607,3.974747e-06,15103.252357948822
3.0,4,31.48658660000001,-0.03,-1.983871e-06,-0.0298927955,0.03,1.990447e-06,0.0301394985,0.060032294,3.9743179999999994e-06,15105.055508894862
3.0,5,31.48658660000001,-0.03,-1.984801e-06,-0.0298925301,0.03,1.991211e-06,0.030139289,0.060031819099999995,3.976012e-06,15098.500482392908
3.0,6,31.48658660000001,-0.03,-1.984484e-06,-0.0298934802,0.03,1.990476e-06,0.0301386498,0.06003213,3.974960000000001e-06,15102.574617103064
3.0,7,31.48658660000001,-0.03,-1.983863e-06,-0.0298931917,0.03,1.99081e-06,0.0301388714,0.0600320631,3.974673e-06,15103.648300124312
3.0,8,31.48658660000001,-0.03,-1.984412e-06,-0.0298932395,0.03,1.990965e-06,0.0301394851,0.0600327246,3.975377e-06,15101.139992508886
3.0,9,31.48658660000001,-0.03,-1.984858e-06,-0.0298927103,0.03,1.99283e-06,0.0301395441,0.0600322544,3.977688e-06,15092.248160237807
3.0,10,31.48658660000001,-0.03,-1.98662e-06,-0.0298931375,0.03,1.993573e-06,0.0301383951,0.0600315326,3.9801930000000005e-06,15082.568257368423
3.0,11,31.48658660000001,-0.03,-1.986589e-06,-0.0298929403,0.03,1.993242e-06,0.0301390216,0.0600319619,3.979831e-06,15084.048016109226
3.0,12,31.48658660000001,-0.03,-1.987601e-06,-0.0298924732,0.03,1.994325e-06,0.0301398123,0.0600322855,3.981926e-06,15076.193153765287
3.0,13,31.48658660000001,-0.03,-1.987475e-06,-0.029893232,0.03,1.994335e-06,0.0301394855,0.0600327175,3.98181e-06,15076.740854033716
3.0,14,31.48658660000001,-0.03,-1.987917e-06,-0.029894163,0.03,1.994732e-06,0.0301391173,0.060033280300000005,3.9826490000000005e-06,15073.706043389713
3.0,15,31.48658660000001,-0.03,-1.988594e-06,-0.0298926534,0.03,1.994837e-06,0.0301396624,0.0600323158,3.983431e-06,15070.50474829362
3.0,16,31.48658660000001,-0.03,-1.988051e-06,-0.0298930476,0.03,1.994429e-06,0.0301393709,0.060032418500000004,3.98248e-06,15074.129311383862
3.0,17,31.48658660000001,-0.03,-1.987628e-06,-0.0298921613,0.03,1.994425e-06,0.030139543,0.0600317043,3.982053e-06,15075.566372421463
3.0,18,31.48658660000001,-0.03,-1.987931e-06,-0.0298938717,0.03,1.993763e-06,0.0301392481,0.0600331198,3.981694e-06,15077.281127078073
3.0,19,31.48658660000001,-0.03,-1.98765e-06,-0.0298936709,0.03,1.994217e-06,0.0301396961,0.060033367,3.981867e-06,15076.688146540304
3.0,20,31.48658660000001,-0.03,-1.986848e-06,-0.0298923382,0.03,1.993356e-06,0.0301393422,0.060031680399999995,3.980204e-06,15082.563707789852
3.0,21,31.48658660000001,-0.03,-1.986152e-06,-0.0298930141,0.03,1.992125e-06,0.0301392402,0.060032254300000004,3.978277e-06,15090.013666720542
3.0,22,31.48658660000001,-0.03,-1.9851e-06,-0.0298927975,0.03,1.990907e-06,0.0301396467,0.0600324442,3.976007e-06,15098.67668744044
3.0,23,31.48658660000001,-0.03,-1.984035e-06,-0.0298927576,0.03,1.990879e-06,0.0301402955,0.0600330531,3.974914e-06,15102.981624256525
3.0,24,31.48658660000001,-0.03,-1.983709e-06,-0.0298926444,0.03,1.990894e-06,0.0301398316,0.060032476,3.974603000000001e-06,15104.018187476835
3.0,25,31.48658660000001,-0.03,-1.98376e-06,-0.0298929346,0.03,1.990303e-06,0.0301390138,0.0600319484,3.974063e-06,15105.937777030711
3.0,26,31.48658660000001,-0.03,-1.984205e-06,-0.0298935738,0.03,1.989606e-06,0.0301387588,0.0600323326,3.973811e-06,15106.992406030382
3.0,27,31.48658660000001,-0.03,-1.982088e-06,-0.0298936047,0.03,1.988393e-06,0.0301391294,0.0600327341,3.970481e-06,15119.763600430275
3.0,28,31.48658660000001,-0.03,-1.982201e-06,-0.0298929559,0.03,1.988426e-06,0.0301389652,0.060031921099999996,3.970627e-06,15119.002892993976
3.0,29,31.48658660000001,-0.03,-1.983889e-06,-0.0298938932,0.03,1.990263e-06,0.0301386671,0.060032560299999996,3.974152e-06,15105.753453818574
3.0,30,31.48658660000001,-0.03,-1.984131e-06,-0.0298937673,0.03,1.990682e-06,0.0301385874,0.0600323547,3.974813e-06,15103.189684646799
3.0,31,31.48658660000001,-0.03,-1.984072e-06,-0.0298949692,0.03,1.991313e-06,0.030138369,0.0600333382,3.975385e-06,15101.26395305109
3.0,32,31.48658660000001,-0.03,-1.986105e-06,-0.0298938486,0.03,1.993625e-06,0.0301381044,0.060031953,3.97973e-06,15084.4285918894
3.0,33,31.48658660000001,-0.03,-1.987764e-06,-0.029893662,0.03,1.995059e-06,0.0301390066,0.060032668600000005,3.982823e-06,15072.893924736301
3.0,34,31.48658660000001,-0.03,-1.98947e-06,-0.0298928601,0.03,1.995509e-06,0.030139021,0.060031881100000004,3.984979e-06,15064.541394070082
3.0,35,31.48658660000001,-0.03,-1.989471e-06,-0.0298928426,0.03,1.99594e-06,0.0301390146,0.0600318572,3.985411e-06,15062.90247103749
3.0,36,31.48658660000001,-0.03,-1.989552e-06,-0.029893053,0.03,1.996084e-06,0.0301392585,0.0600323115,3.985636e-06,15062.166113513627
3.0,37,31.48658660000001,-0.03,-1.989433e-06,-0.0298928394,0.03,1.996315e-06,0.030139241,0.0600320804,3.9857479999999994e-06,15061.684883238982
3.0,38,31.48658660000001,-0.03,-1.988849e-06,-0.0298924907,0.03,1.995151e-06,0.0301398886,0.0600323793,3.984e-06,15068.36829819277
3.0,39,31.48658660000001,-0.03,-1.988733e-06,-0.0298925832,0.03,1.994965e-06,0.0301396033,0.0600321865,3.983698e-06,15069.462218270563
3.0,40,31.48658660000001,-0.03,-1.988191e-06,-0.0298935619,0.03,1.994524e-06,0.0301389433,0.0600325052,3.982714999999999e-06,15073.261631826534
3.0,41,31.48658660000001,-0.03,-1.988338e-06,-0.02989375,0.03,1.994732e-06,0.0301392494,0.060032999399999995,3.9830700000000005e-06,15072.04226890313
3.0,42,31.48658660000001,-0.03,-1.98789e-06,-0.0298937548,0.03,1.994724e-06,0.0301392015,0.060032956299999995,3.982614e-06,15073.757160498104
3.0,43,31.48658660000001,-0.03,-1.988011e-06,-0.0298935444,0.03,1.994644e-06,0.0301389805,0.060032524899999995,3.982655e-06,15073.493661891374
3.0,44,31.48658660000001,-0.03,-1.987563e-06,-0.029894012,0.03,1.994091e-06,0.0301394348,0.0600334468,3.981654e-06,15077.514721269099
3.0,45,31.48658660000001,-0.03,-1.988096e-06,-0.0298929025,0.03,1.99426e-06,0.0301398764,0.0600327789,3.982356e-06,15074.68917896843
3.0,46,31.48658660000001,-0.03,-1.987823e-06,-0.0298929471,0.03,1.993624e-06,0.0301397871,0.0600327342,3.981447e-06,15078.119638412869
3.0,47,31.48658660000001,-0.03,-1.986891e-06,-0.0298937251,0.03,1.993482e-06,0.0301398413,0.0600335664,3.9803729999999995e-06,15082.397152226691
3.0,48,31.48658660000001,-0.03,-1.986091e-06,-0.0298936246,0.03,1.992744e-06,0.0301398126,0.0600334372,3.978835e-06,15088.194710260666
3.0,49,31.48658660000001,-0.03,-1.986516e-06,-0.0298935214,0.03,1.992239e-06,0.0301400536,0.060033575000000006,3.978755e-06,15088.532719405946
3.0,50,31.48658660000001,-0.03,-1.986055e-06,-0.029893668,0.03,1.992497e-06,0.0301398352,0.060033503200000005,3.978552e-06,15089.284543723446
3.0,51,31.48658660000001,-0.03,-1.986175e-06,-0.0298936298,0.03,1.992922e-06,0.0301392518,0.060032881600000004,3.979097000000001e-06,15087.061612220057
3.0,52,31.48658660000001,-0.03,-1.985923e-06,-0.0298933699,0.03,1.992235e-06,0.0301388676,0.0600322375,3.978158e-06,15090.460836397146
3.0,53,31.48658660000001,-0.03,-1.985739e-06,-0.0298931324,0.03,1.992474e-06,0.0301400584,0.0600331908,3.978213e-06,15090.491836409965
3.0,54,31.48658660000001,-0.03,-1.985017e-06,-0.0298931149,0.03,1.992214e-06,0.0301406217,0.0600337366,3.977231e-06,15094.354992204377
3.0,55,31.48658660000001,-0.03,-2.075836e-06,-0.0298928492,0.03,2.001259e-06,0.0301412769,0.0600341261,4.077095e-06,14724.730745788362
3.0,56,31.48658660000001,-0.03,-2.079746e-06,-0.0298923343,0.03,1.99185e-06,0.0301406344,0.0600329687,4.071596e-06,14744.333352326705
3.0,57,31.48658660000001,-0.03,-2.011009e-06,-0.0298922196,0.03,1.992948e-06,0.0301399617,0.0600321813,4.003957e-06,14993.213288754101
3.0,58,31.48658660000001,-0.03,-2.006039e-06,-0.0298922004,0.03,1.990812e-06,0.0301394357,0.0600316361,3.996851e-06,15019.733310048336
3.0,59,31.48658660000001,-0.03,-2.006809e-06,-0.0298932621,0.03,1.99032e-06,0.0301386498,0.0600319119,3.997129e-06,15018.757688330797
5.0,0,50.82155969999985,-0.03,-1.979539e-06,-0.0298938648,0.03,1.987836e-06,0.0301386109,0.060032475700000004,3.967375e-06,15131.5355115158
5.0,1,50.82155969999985,-0.03,-1.985504e-06,-0.0298945582,0.03,1.987549e-06,0.0301383355,0.0600328937,3.973053e-06,15110.015824103026
5.0,2,50.82155969999985,-0.03,-1.98341e-06,-0.0298948145,0.03,1.986678e-06,0.0301369295,0.060031744,3.970088e-06,15121.010919657196
5.0,3,50.82155969999985,-0.03,-1.982373e-06,-0.0298953348,0.03,1.982561e-06,0.030137424,0.0600327588,3.964934e-06,15140.922597954974
5.0,4,50.82155969999985,-0.03,-1.971579e-06,-0.0298950957,0.03,1.974794e-06,0.0301377262,0.0600328219,3.9463729999999995e-06,15212.15098015317
5.0,5,50.82155969999985,-0.03,-1.968014e-06,-0.029895232,0.03,1.974754e-06,0.0301379411,0.060033173100000004,3.942768e-06,15226.149015108169
5.0,6,50.82155969999985,-0.03,-1.969308e-06,-0.0298942966,0.03,1.974966e-06,0.0301378751,0.0600321717,3.944274e-06,15220.08149028186
5.0,7,50.82155969999985,-0.03,-1.968726e-06,-0.0298941904,0.03,1.976167e-06,0.0301376561,0.0600318465,3.944893e-06,15217.610845211771
5.0,8,50.82155969999985,-0.03,-1.969165e-06,-0.0298938394,0.03,1.975711e-06,0.0301380731,0.0600319125,3.9448759999999995e-06,15217.69315436024
5.0,9,50.82155969999985,-0.03,-1.974474e-06,-0.029893628,0.03,1.98475e-06,0.0301383696,0.0600319976,3.959224e-06,15162.566603960775
5.0,10,50.82155969999985,-0.03,-1.979304e-06,-0.0298937265,0.03,1.985811e-06,0.0301383185,0.060032045,3.965115e-06,15140.051423477
5.0,11,50.82155969999985,-0.03,-1.979684e-06,-0.0298936465,0.03,1.986918e-06,0.0301380746,0.0600317211,3.966602e-06,15134.294063281368
5.0,12,50.82155969999985,-0.03,-1.982159e-06,-0.0298941276,0.03,1.987817e-06,0.0301385892,0.0600327168,3.969976e-06,15121.682549214402
5.0,13,50.82155969999985,-0.03,-1.983237e-06,-0.0298935949,0.03,1.988934e-06,0.0301391181,0.060032713,3.972171e-06,15113.325433371325
5.0,14,50.82155969999985,-0.03,-1.983847e-06,-0.0298926499,0.03,1.99055e-06,0.0301387613,0.060031411199999996,3.9743970000000006e-06,15104.533140499047
5.0,15,50.82155969999985,-0.03,-1.985086e-06,-0.0298938474,0.03,1.990857e-06,0.0301383682,0.0600322156,3.975943e-06,15098.86223217989
5.0,16,50.82155969999985,-0.03,-1.985499e-06,-0.0298939267,0.03,1.991512e-06,0.030137866,0.0600317927,3.9770109999999995e-06,15094.701196451308
5.0,17,50.82155969999985,-0.03,-1.985504e-06,-0.0298934963,0.03,1.990007e-06,0.0301383988,0.060031895099999996,3.9755109999999996e-06,15100.4223356444
5.0,18,50.82155969999985,-0.03,-1.984298e-06,-0.0298938913,0.03,1.98997e-06,0.0301388043,0.0600326956,3.974268e-06,15105.346594643339
5.0,19,50.82155969999985,-0.03,-1.983695e-06,-0.0298930114,0.03,1.990864e-06,0.0301390205,0.0600320319,3.974559e-06,15104.073659492788
5.0,20,50.82155969999985,-0.03,-1.985504e-06,-0.02989392,0.03,1.991525e-06,0.0301396259,0.0600335459,3.977029e-06,15095.073709545492
5.0,21,50.82155969999985,-0.03,-1.984066e-06,-0.0298933739,0.03,1.987496e-06,0.0301387937,0.0600321676,3.9715620000000004e-06,15115.505586970565
5.0,22,50.82155969999985,-0.03,-1.980919e-06,-0.029893455,0.03,1.98648e-06,0.0301392059,0.0600326609,3.967398999999999e-06,15131.490656724976
5.0,23,50.82155969999985,-0.03,-1.981037e-06,-0.0298929634,0.03,1.98743e-06,0.0301391686,0.060032132,3.968467e-06,15127.28517082289
5.0,24,50.82155969999985,-0.03,-1.981145e-06,-0.0298928859,0.03,1.987478e-06,0.0301392107,0.0600320966,3.968623e-06,15126.681622315851
5.0,25,50.82155969999985,-0.03,-1.982631e-06,-0.0298931509,0.03,1.98868e-06,0.030138918,0.0600320689,3.9713110000000005e-06,15116.436083701325
5.0,26,50.82155969999985,-0.03,-1.98256e-06,-0.0298928744,0.03,1.989333e-06,0.0301395149,0.0600323893,3.971893e-06,15114.301744785169
5.0,27,50.82155969999985,-0.03,-1.983926e-06,-0.0298932254,0.03,1.991734e-06,0.0301395178,0.0600327432,3.9756600000000005e-06,15100.069724272194
5.0,28,50.82155969999985,-0.03,-1.985078e-06,-0.0298935142,0.03,1.99083e-06,0.0301391334,0.0600326476,3.9759080000000006e-06,15099.103802200652
5.0,29,50.82155969999985,-0.03,-1.985123e-06,-0.0298935286,0.03,1.990628e-06,0.0301397283,0.0600332569,3.975750999999999e-06,15099.853310732993
5.0,30,50.82155969999985,-0.03,-1.985365e-06,-0.0298930858,0.03,1.990725e-06,0.0301393093,0.0600323951,3.97609e-06,15098.349157086483
5.0,31,50.82155969999985,-0.03,-1.98489e-06,-0.0298931068,0.03,1.989523e-06,0.0301388445,0.0600319513,3.974413e-06,15104.608227680414
5.0,32,50.82155969999985,-0.03,-1.982703e-06,-0.0298938318,0.03,1.988375e-06,0.0301389224,0.060032754199999996,3.971078e-06,15117.495601949899
5.0,33,50.82155969999985,-0.03,-1.981648e-06,-0.0298939567,0.03,1.985906e-06,0.0301381792,0.060032135900000005,3.967554e-06,15130.767193086725
5.0,34,50.82155969999985,-0.03,-1.980332e-06,-0.0298937223,0.03,1.984906e-06,0.0301392514,0.060032973700000006,3.9652379999999995e-06,15139.81599591248
5.0,35,50.82155969999985,-0.03,-1.977775e-06,-0.0298945478,0.03,1.984398e-06,0.0301389625,0.0600335103,3.962173e-06,15151.663064686978
5.0,36,50.82155969999985,-0.03,-1.979123e-06,-0.0298937271,0.03,1.98472e-06,0.0301391701,0.060032897200000004,3.963843e-06,15145.124869980977
5.0,37,50.82155969999985,-0.03,-1.97865e-06,-0.0298930375,0.03,1.982901e-06,0.0301391481,0.060032185599999996,3.9615510000000005e-06,15153.707626129259
5.0,38,50.82155969999985,-0.03,-1.974662e-06,-0.029893797,0.03,1.980611e-06,0.0301391537,0.060032950700000004,3.955273e-06,15177.953759449727
5.0,39,50.82155969999985,-0.03,-1.975017e-06,-0.0298937922,0.03,1.979691e-06,0.0301392264,0.0600330186,3.954708e-06,15180.139368064596
5.0,40,50.82155969999985,-0.03,-1.972355e-06,-0.029893205,0.03,1.978462e-06,0.0301397123,0.0600329173,3.950817e-06,15195.064033591027
5.0,41,50.82155969999985,-0.03,-1.97375e-06,-0.029893775,0.03,1.979607e-06,0.0301397324,0.060033507400000005,3.953357e-06,15185.450593002353
5.0,42,50.82155969999985,-0.03,-1.97339e-06,-0.0298936363,0.03,1.980229e-06,0.03014007,0.0600337063,3.953619e-06,15184.494585846538
5.0,43,50.82155969999985,-0.03,-1.974184e-06,-0.0298931591,0.03,1.980472e-06,0.0301392812,0.0600324403,3.954656e-06,15180.192739899501
5.0,44,50.82155969999985,-0.03,-1.975218e-06,-0.0298923847,0.03,1.982154e-06,0.0301395231,0.0600319078,3.957372e-06,15169.639801363128
5.0,45,50.82155969999985,-0.03,-1.975236e-06,-0.0298924249,0.03,1.982125e-06,0.0301391788,0.0600316037,3.957361e-06,15169.605123212159
5.0,46,50.82155969999985,-0.03,-1.977135e-06,-0.0298928811,0.03,1.983849e-06,0.0301397336,0.0600326147,3.960983999999999e-06,15155.985154194012
5.0,47,50.82155969999985,-0.03,-1.979886e-06,-0.0298917429,0.03,1.987028e-06,0.0301393309,0.0600310738,3.966914e-06,15132.940567907446
5.0,48,50.82155969999985,-0.03,-1.98231e-06,-0.0298918587,0.03,1.988094e-06,0.0301394055,0.060031264200000004,3.970403999999999e-06,15119.686611236542
5.0,49,50.82155969999985,-0.03,-1.983439e-06,-0.0298921917,0.03,1.989392e-06,0.0301389302,0.0600311219,3.972831e-06,15110.414185753181
5.0,50,50.82155969999985,-0.03,-1.982321e-06,-0.0298926049,0.03,1.988883e-06,0.0301389255,0.060031530400000005,3.9712039999999995e-06,15116.707779303208
5.0,51,50.82155969999985,-0.03,-1.983622e-06,-0.0298931578,0.03,1.988696e-06,0.0301389895,0.060032147300000005,3.972318e-06,15112.623737575896
5.0,52,50.82155969999985,-0.03,-1.982768e-06,-0.0298932467,0.03,1.989103e-06,0.0301382818,0.0600315285,3.971871e-06,15114.168738108565
5.0,53,50.82155969999985,-0.03,-1.983027e-06,-0.02989335,0.03,1.988642e-06,0.0301389838,0.060032333800000004,3.971669e-06,15115.140209317546
5.0,54,50.82155969999985,-0.03,-1.982761e-06,-0.029893372,0.03,1.988773e-06,0.0301393533,0.060032725300000006,3.971534e-06,15115.752578222926
5.0,55,50.82155969999985,-0.03,-1.98285e-06,-0.0298936362,0.03,1.988381e-06,0.0301389841,0.0600326203,3.971231e-06,15116.879451233131
5.0,56,50.82155969999985,-0.03,-1.983238e-06,-0.0298939891,0.03,1.989086e-06,0.0301388894,0.0600328785,3.972324e-06,15112.784984306416
5.0,57,50.82155969999985,-0.03,-1.98301e-06,-0.0298929447,0.03,1.989869e-06,0.0301393198,0.0600322645,3.972879e-06,15110.519222961486
5.0,58,50.82155969999985,-0.03,-1.983351e-06,-0.0298929743,0.03,1.990074e-06,0.0301392558,0.0600322301,3.973425e-06,15108.434184614029
5.0,59,50.82155969999985,-0.03,-1.984137e-06,-0.0298931675,0.03,1.990639e-06,0.0301396345,0.060032802,3.974776000000001e-06,15103.442810362141
