index,chunk,resistance_ohm,negative_source_voltage_v,negative_measured_voltage_v,negative_current_a,negative_resistance_ohm,positive_source_voltage_v,positive_measured_voltage_v,positive_current_a,positive_resistance_ohm,compliance_hit
1,1,15692.411232,-0.03,-0.0299049528,-1.884128e-06,15872.0388424,0.03,0.0301300227,1.941605e-06,15518.1011071,0
2,1,15696.5772482,-0.03,-0.0299049576,-1.88354e-06,15876.9962942,0.03,0.0301311227,1.941248e-06,15521.5215676,0
3,1,15701.3103745,-0.03,-0.0299036377,-1.883129e-06,15879.7606006,0.03,0.0301301184,1.940358e-06,15528.1233669,0
4,1,15687.8774671,-0.03,-0.0299054693,-1.886102e-06,15855.7009642,0.03,0.0301313475,1.940854e-06,15524.7883148,0
5,1,15688.376995,-0.03,-0.0299025951,-1.885462e-06,15859.5586122,0.03,0.0301315053,1.941199e-06,15522.1104585,0
6,1,15700.8387358,-0.03,-0.0299044698,-1.883076e-06,15880.6494268,0.03,0.030131314,1.940655e-06,15526.3630063,0
7,1,15695.8982854,-0.03,-0.0299049337,-1.884173e-06,15871.6496309,0.03,0.0301308884,1.940764e-06,15525.2716971,0
8,1,15694.2208125,-0.03,-0.0299037572,-1.884147e-06,15871.2442288,0.03,0.0301299175,1.941062e-06,15522.388002,0
9,1,15682.8067158,-0.03,-0.029904422,-1.885709e-06,15858.4500578,0.03,0.0301300992,1.942338e-06,15512.2842677,0
10,1,15698.1186118,-0.03,-0.0299039389,-1.883522e-06,15876.6071753,0.03,0.0301312709,1.940835e-06,15524.9008288,0
11,1,15691.3032319,-0.03,-0.0299040203,-1.884719e-06,15866.5670055,0.03,0.030131204,1.9413e-06,15521.1476845,0
12,1,15689.0842877,-0.03,-0.0299057276,-1.88517e-06,15863.6768037,0.03,0.030131754,1.941534e-06,15519.5603064,0
13,1,15682.5557472,-0.03,-0.0299029012,-1.886283e-06,15852.8180554,0.03,0.0301312709,1.941803e-06,15517.1615761,0
14,1,15697.2337116,-0.03,-0.0299039676,-1.883733e-06,15874.8440464,0.03,0.0301308405,1.940814e-06,15524.8470487,0
15,1,15691.761579,-0.03,-0.029905058,-1.884195e-06,15871.5302822,0.03,0.0301314335,1.941793e-06,15517.3252247,0
16,1,15680.9539046,-0.03,-0.0299037046,-1.885614e-06,15858.8685701,0.03,0.030131094,1.942903e-06,15508.2852824,0
17,1,15692.5510787,-0.03,-0.0299032838,-1.883334e-06,15877.8441848,0.03,0.0301326818,1.942428e-06,15512.8950983,0
18,1,15698.8750842,-0.03,-0.0299050915,-1.883418e-06,15878.0958343,0.03,0.0301332939,1.940957e-06,15524.9672713,0
19,1,15689.3348181,-0.03,-0.0299029681,-1.885275e-06,15861.3295673,0.03,0.0301325383,1.941242e-06,15522.2987654,0
20,1,15682.3791608,-0.03,-0.0299039724,-1.885479e-06,15860.1460955,0.03,0.0301327386,1.942812e-06,15509.8581849,0
21,1,15693.2603375,-0.03,-0.0299032928,-1.883585e-06,15875.7331365,0.03,0.0301329538,1.942022e-06,15516.2782914,0
22,1,15696.2923978,-0.03,-0.0299017289,-1.88318e-06,15878.3169426,0.03,0.0301332933,1.94161e-06,15519.7456235,0
23,1,15693.6162554,-0.03,-0.0299033071,-1.883907e-06,15873.0272248,0.03,0.0301338146,1.941669e-06,15519.5425173,0
24,1,15690.3139225,-0.03,-0.029903441,-1.884231e-06,15870.3688667,0.03,0.0301333172,1.942127e-06,15515.626527,0
25,1,15687.6673416,-0.03,-0.0299033788,-1.885081e-06,15863.1797785,0.03,0.0301329633,1.941896e-06,15517.2899579,0
26,1,15696.1604181,-0.03,-0.0299043401,-1.883586e-06,15876.280722,0.03,0.0301351059,1.941518e-06,15521.4146354,0
27,1,15698.2031737,-0.03,-0.0299016715,-1.884185e-06,15869.8171889,0.03,0.0301338146,1.940169e-06,15531.5411183,0
28,1,15684.0553298,-0.03,-0.0299033262,-1.884677e-06,15866.5523058,0.03,0.030132289,1.943135e-06,15507.0486611,0
29,1,15685.8000869,-0.03,-0.0299036562,-1.885238e-06,15862.0058581,0.03,0.0301330064,1.942215e-06,15514.7635046,0
30,1,15698.8028656,-0.03,-0.0299029245,-1.882681e-06,15883.1605036,0.03,0.0301339916,1.941618e-06,15520.0413264,0
31,1,15687.3284077,-0.03,-0.0299028336,-1.884964e-06,15863.8751722,0.03,0.030135192,1.942203e-06,15515.9846834,0
32,1,15690.479537,-0.03,-0.029901858,-1.885051e-06,15862.6254674,0.03,0.0301338864,1.941202e-06,15523.3130813,0
33,1,15688.6331654,-0.03,-0.0299020111,-1.884904e-06,15863.9437871,0.03,0.0301337285,1.941799e-06,15518.4591711,0
34,1,15694.7569448,-0.03,-0.0299041058,-1.88389e-06,15873.5944243,0.03,0.0301340681,1.941475e-06,15521.2238633,0
35,1,15689.8099348,-0.03,-0.0299024415,-1.885154e-06,15862.0682979,0.03,0.0301334081,1.941269e-06,15522.5309321,0
36,1,15698.0809892,-0.03,-0.0299024271,-1.88305e-06,15879.7839144,0.03,0.0301319638,1.941264e-06,15521.8269128,0
37,1,15699.9197689,-0.03,-0.0299013511,-1.883161e-06,15878.2765255,0.03,0.0301343885,1.940791e-06,15526.8591518,0
38,1,15691.3344314,-0.03,-0.0299034936,-1.884074e-06,15871.7192637,0.03,0.0301316147,1.94193e-06,15516.3238119,0
39,1,15692.7425445,-0.03,-0.0299010211,-1.884528e-06,15866.583622,0.03,0.0301330877,1.941069e-06,15523.965248,0
40,1,15699.6532709,-0.03,-0.0299028432,-1.882678e-06,15883.1426298,0.03,0.030132992,1.941345e-06,15521.7089183,0
41,1,15693.9765798,-0.03,-0.029901595,-1.883988e-06,15871.4360176,0.03,0.0301318203,1.941264e-06,15521.7529919,0
42,1,15689.1498588,-0.03,-0.0299031062,-1.885256e-06,15861.5626737,0.03,0.0301333555,1.941367e-06,15521.7202621,0
43,1,15688.0134676,-0.03,-0.0299039288,-1.884953e-06,15864.5487712,0.03,0.0301336281,1.942017e-06,15516.6654566,0
44,1,15698.2897001,-0.03,-0.0299025897,-1.883351e-06,15877.3323188,0.03,0.0301342163,1.941066e-06,15524.5706741,0
45,1,15688.831506,-0.03,-0.0299047801,-1.885022e-06,15864.4196726,0.03,0.0301321264,1.941707e-06,15518.3693523,0
46,1,15692.990009,-0.03,-0.029902891,-1.883947e-06,15872.4693423,0.03,0.030133059,1.941707e-06,15518.8496514,0
47,1,15694.2772959,-0.03,-0.0299032019,-1.883584e-06,15875.693306,0.03,0.0301322269,1.941723e-06,15518.2932375,0
48,1,15692.4008687,-0.03,-0.0299039097,-1.883321e-06,15878.2861233,0.03,0.0301338194,1.94259e-06,15512.1870287,0
49,1,15677.4304066,-0.03,-0.0299025467,-1.886058e-06,15854.521282,0.03,0.0301340633,1.943435e-06,15505.5678734,0
50,1,15684.4007413,-0.03,-0.0299039336,-1.885292e-06,15861.6986652,0.03,0.0301319686,1.942454e-06,15512.3202918,0
51,2,15680.3224251,-0.03,-0.0299023513,-1.886269e-06,15852.6441881,0.03,0.0301334323,1.942465e-06,15512.985974,0
52,2,15680.7442995,-0.03,-0.0299028009,-1.885967e-06,15855.4210652,0.03,0.0301336571,1.942707e-06,15511.1692602,0
53,2,15690.5412988,-0.03,-0.0299019305,-1.88588e-06,15855.6909772,0.03,0.0301324184,1.940269e-06,15530.0210435,0
54,2,15694.9218768,-0.03,-0.0299027626,-1.883535e-06,15875.8730791,0.03,0.0301321028,1.941579e-06,15519.380257,0
55,2,15685.2446763,-0.03,-0.02990315,-1.884754e-06,15865.8106045,0.03,0.0301325475,1.942773e-06,15510.0711715,0
56,2,15683.5453329,-0.03,-0.0299031261,-1.885604e-06,15858.6458769,0.03,0.0301334227,1.942392e-06,15513.5640489,0
57,2,15684.5732968,-0.03,-0.02990315,-1.885138e-06,15862.5787608,0.03,0.030132801,1.942569e-06,15511.8304678,0
58,2,15695.2593753,-0.03,-0.0299031644,-1.883529e-06,15876.1369748,0.03,0.0301338866,1.941642e-06,15519.7954103,0
59,2,15689.2148908,-0.03,-0.0299012944,-1.885231e-06,15860.8119642,0.03,0.0301344748,1.941332e-06,15522.5766639,0
60,2,15689.6123062,-0.03,-0.0299022509,-1.884458e-06,15867.8256029,0.03,0.0301340349,1.942041e-06,15516.6831699,0
61,2,15696.7963328,-0.03,-0.0299016722,-1.883731e-06,15873.6423619,0.03,0.0301325619,1.940886e-06,15525.1580464,0
62,2,15696.4286872,-0.03,-0.0299025474,-1.883572e-06,15875.4469699,0.03,0.0301333414,1.94124e-06,15522.7284622,0
63,2,15680.6740599,-0.03,-0.0299020357,-1.885589e-06,15858.1937527,0.03,0.0301333223,1.943032e-06,15508.4024864,0
64,2,15686.9217164,-0.03,-0.0299028057,-1.885414e-06,15860.0740739,0.03,0.0301329732,1.941709e-06,15518.7894788,0
65,2,15697.2402979,-0.03,-0.0299004766,-1.883174e-06,15877.7025384,0.03,0.0301337288,1.941333e-06,15522.184396,0
66,2,15680.9173373,-0.03,-0.0299020453,-1.885238e-06,15861.1513772,0.03,0.0301353261,1.943452e-06,15506.0820128,0
67,2,15679.9409737,-0.03,-0.0299011892,-1.885737e-06,15856.5002437,0.03,0.0301341688,1.943063e-06,15508.5907148,0
68,2,15687.932733,-0.03,-0.0299015049,-1.885861e-06,15855.6250434,0.03,0.0301346135,1.941037e-06,15525.0072513,0
69,2,15695.4222278,-0.03,-0.0299028487,-1.884021e-06,15871.8234563,0.03,0.0301335853,1.941071e-06,15524.2056061,0
70,2,15687.0061742,-0.03,-0.0299006775,-1.884945e-06,15862.8912249,0.03,0.0301340128,1.942088e-06,15516.2962749,0
71,2,15680.2007016,-0.03,-0.0299003544,-1.886059e-06,15853.3505049,0.03,0.0301323916,1.942511e-06,15512.0828659,0
72,2,15685.6261642,-0.03,-0.0299020999,-1.88517e-06,15861.7524679,0.03,0.0301321716,1.942173e-06,15514.6691876,0
73,2,15696.5229227,-0.03,-0.0299010143,-1.88346e-06,15875.5770231,0.03,0.0301344815,1.941304e-06,15522.8040018,0
74,2,15695.8006251,-0.03,-0.029900517,-1.884179e-06,15869.2549912,0.03,0.0301336445,1.940676e-06,15527.3958662,0
75,2,15687.2072089,-0.03,-0.029900603,-1.885014e-06,15862.2710494,0.03,0.0301337115,1.941946e-06,15517.2757121,0
76,2,15678.9242134,-0.03,-0.0299000961,-1.886348e-06,15850.7847439,0.03,0.0301326546,1.942534e-06,15512.0345899,0
77,2,15694.2075427,-0.03,-0.0299008087,-1.884296e-06,15868.4244407,0.03,0.030134008,1.940989e-06,15525.0792251,0
78,2,15695.784982,-0.03,-0.0299003257,-1.882986e-06,15879.2076521,0.03,0.0301340271,1.941885e-06,15517.9256753,0
79,2,15682.3850149,-0.03,-0.0299018321,-1.886563e-06,15849.8985192,0.03,0.0301323294,1.941564e-06,15519.6168656,0
80,2,15682.184618,-0.03,-0.0298993883,-1.88553e-06,15857.285909,0.03,0.0301347588,1.942645e-06,15512.2314164,0
81,2,15690.5705237,-0.03,-0.0299007035,-1.883474e-06,15875.2940046,0.03,0.0301346202,1.94273e-06,15511.481369,0
82,2,15695.704054,-0.03,-0.0299006796,-1.883494e-06,15875.1127426,0.03,0.0301321237,1.941298e-06,15521.6374302,0
83,2,15686.4249264,-0.03,-0.0299010239,-1.885129e-06,15861.5266648,0.03,0.0301326498,1.941981e-06,15516.449337,0
84,2,15686.7152362,-0.03,-0.0299008708,-1.885027e-06,15862.303723,0.03,0.0301336159,1.942064e-06,15516.2836549,0
85,2,15700.6668161,-0.03,-0.029900517,-1.88296e-06,15879.5285083,0.03,0.0301340128,1.940733e-06,15527.1295948,0
86,2,15683.8759922,-0.03,-0.0299011578,-1.885576e-06,15857.837499,0.03,0.0301319516,1.94212e-06,15514.979301,0
87,2,15684.8403135,-0.03,-0.0299014639,-1.885744e-06,15856.5870553,0.03,0.0301322624,1.941756e-06,15518.0477877,0
88,2,15688.9664436,-0.03,-0.0299018752,-1.886293e-06,15852.1900892,0.03,0.0301349358,1.940397e-06,15530.2939553,0
89,2,15685.5227786,-0.03,-0.0299013587,-1.885518e-06,15858.4318474,0.03,0.0301331759,1.941867e-06,15517.6311766,0
90,2,15683.9307631,-0.03,-0.0299003783,-1.885674e-06,15856.5999743,0.03,0.0301343523,1.942112e-06,15516.2793392,0
91,2,15689.6561394,-0.03,-0.0299010861,-1.884038e-06,15870.7446984,0.03,0.0301343476,1.942396e-06,15514.0082661,0
92,2,15694.4987713,-0.03,-0.0299019134,-1.884093e-06,15870.7205005,0.03,0.0301326833,1.941107e-06,15523.453009,0
93,2,15691.2452802,-0.03,-0.0299020138,-1.88394e-06,15872.0626984,0.03,0.0301311529,1.941962e-06,15515.8303304,0
94,2,15676.9180331,-0.03,-0.0299013873,-1.886298e-06,15851.8894151,0.03,0.0301341228,1.94325e-06,15507.074643,0
95,2,15684.584762,-0.03,-0.0299027503,-1.885471e-06,15859.5652227,0.03,0.0301338406,1.942274e-06,15514.7217128,0
96,2,15687.7923456,-0.03,-0.0299018082,-1.885267e-06,15860.7816293,0.03,0.0301316551,1.941496e-06,15519.8131235,0
97,2,15680.8435954,-0.03,-0.0299024586,-1.886862e-06,15847.7189111,0.03,0.0301330467,1.941727e-06,15518.683471,0
98,2,15681.5526243,-0.03,-0.029901966,-1.886558e-06,15850.0115024,0.03,0.0301340271,1.941889e-06,15517.8937107,0
99,2,15689.491084,-0.03,-0.0299010478,-1.884242e-06,15869.0061043,0.03,0.0301336445,1.942185e-06,15515.3317012,0
100,2,15698.2003162,-0.03,-0.0299030851,-1.882365e-06,15885.9121903,0.03,0.030133018,1.942029e-06,15516.2554215,0
101,3,15699.1643968,-0.03,-0.0299043382,-1.883712e-06,15875.2177615,0.03,0.0301340233,1.940591e-06,15528.2711813,0
102,3,15693.5379111,-0.03,-0.0299044721,-1.883651e-06,15875.8029486,0.03,0.0301332915,1.941985e-06,15516.7478122,0
103,3,15676.943812,-0.03,-0.0299033291,-1.88564e-06,15858.4507647,0.03,0.030133722,1.944e-06,15500.8858025,0
104,3,15674.4194037,-0.03,-0.0299033387,-1.886648e-06,15849.9829857,0.03,0.0301321485,1.943509e-06,15503.9922635,0
105,3,15688.7394477,-0.03,-0.029904013,-1.884213e-06,15870.8240523,0.03,0.0301332629,1.942562e-06,15512.1241433,0
106,3,15685.5605924,-0.03,-0.0299046443,-1.886223e-06,15854.2464491,0.03,0.0301328898,1.941344e-06,15521.6642697,0
107,3,15680.0843609,-0.03,-0.0299049551,-1.88657e-06,15851.4950943,0.03,0.0301307951,1.94222e-06,15513.5850213,0
108,3,15677.9578637,-0.03,-0.0299044577,-1.887106e-06,15846.7291715,0.03,0.0301308955,1.942178e-06,15513.9722003,0
109,3,15687.895791,-0.03,-0.0299042425,-1.884954e-06,15864.706778,0.03,0.0301321581,1.941971e-06,15516.2760412,0
110,3,15696.3997629,-0.03,-0.0299026022,-1.883716e-06,15874.2624684,0.03,0.0301343532,1.941171e-06,15523.801458,0
111,3,15681.4033251,-0.03,-0.0299038456,-1.885956e-06,15856.0674798,0.03,0.0301325168,1.942551e-06,15511.8279005,0
112,3,15683.6366895,-0.03,-0.0299039412,-1.885166e-06,15862.7628548,0.03,0.030131436,1.942733e-06,15509.8183847,0
113,3,15688.9564105,-0.03,-0.0299023726,-1.883998e-06,15871.7645136,0.03,0.0301328468,1.942593e-06,15511.6624017,0
114,3,15681.4852601,-0.03,-0.0299044864,-1.885426e-06,15860.8645473,0.03,0.0301329424,1.943129e-06,15507.4328055,0
115,3,15679.4172361,-0.03,-0.0299045869,-1.886344e-06,15853.1990453,0.03,0.0301318233,1.942651e-06,15510.6724265,0
116,3,15684.9152839,-0.03,-0.0299027409,-1.884998e-06,15863.5398552,0.03,0.0301311155,1.942492e-06,15511.5776539,0
117,3,15683.9466288,-0.03,-0.0299047208,-1.885528e-06,15860.1308493,0.03,0.0301331289,1.942453e-06,15512.9256152,0
118,3,15686.8799789,-0.03,-0.0299035108,-1.883819e-06,15873.8768427,0.03,0.0301321868,1.943309e-06,15505.6076002,0
119,3,15682.0051335,-0.03,-0.0299023009,-1.885337e-06,15860.4540727,0.03,0.0301317707,1.942877e-06,15508.8411155,0
120,3,15687.1757078,-0.03,-0.0299048116,-1.88505e-06,15864.2007374,0.03,0.0301316413,1.942054e-06,15515.3467926,0
121,3,15693.8904433,-0.03,-0.0299026925,-1.884188e-06,15870.333799,0.03,0.0301332339,1.941245e-06,15522.633104,0
122,3,15690.2082191,-0.03,-0.0299033955,-1.885019e-06,15863.7103923,0.03,0.0301336643,1.941384e-06,15521.7434057,0
123,3,15680.8825976,-0.03,-0.0299040268,-1.886056e-06,15855.3228536,0.03,0.0301336977,1.942665e-06,15511.5255075,0
124,3,15683.3920879,-0.03,-0.0299033716,-1.884629e-06,15866.9805039,0.03,0.0301337982,1.943444e-06,15505.3596605,0
125,3,15689.3371957,-0.03,-0.0299024486,-1.884083e-06,15871.0888002,0.03,0.0301346829,1.942537e-06,15513.0547835,0
126,3,15691.8630643,-0.03,-0.0299030655,-1.88423e-06,15870.1780037,0.03,0.0301326217,1.941682e-06,15518.8242462,0
127,3,15683.4748427,-0.03,-0.0299050455,-1.885674e-06,15859.0750575,0.03,0.0301333821,1.942459e-06,15513.008048,0
128,3,15684.394225,-0.03,-0.0299034864,-1.885533e-06,15859.4341229,0.03,0.0301342573,1.942332e-06,15514.4729634,0
129,3,15698.4749867,-0.03,-0.0299036681,-1.883878e-06,15873.4631967,0.03,0.0301329517,1.940482e-06,15528.5911954,0
130,3,15695.2148432,-0.03,-0.0299024869,-1.883196e-06,15878.5845446,0.03,0.0301342525,1.941966e-06,15517.3944858,0
131,3,15678.3335022,-0.03,-0.0299029508,-1.885922e-06,15855.8788752,0.03,0.0301327747,1.943294e-06,15506.0298133,0
132,3,15692.4664765,-0.03,-0.029902506,-1.883621e-06,15875.0120114,0.03,0.0301329947,1.942132e-06,15515.4205275,0
133,3,15692.7833874,-0.03,-0.0299023386,-1.88391e-06,15872.4878577,0.03,0.0301331191,1.941763e-06,15518.4330425,0
134,3,15684.1721099,-0.03,-0.0299020612,-1.886268e-06,15852.4987966,0.03,0.0301347068,1.941589e-06,15520.6414952,0
135,3,15684.2360572,-0.03,-0.0299027786,-1.884876e-06,15864.5866359,0.03,0.0301328226,1.942891e-06,15509.2707723,0
136,3,15695.2894732,-0.03,-0.029904242,-1.884427e-06,15869.1432462,0.03,0.0301326887,1.940729e-06,15526.4793281,0
137,3,15690.6554992,-0.03,-0.0299036633,-1.8846e-06,15867.3794439,0.03,0.0301323778,1.941629e-06,15519.1222422,0
138,3,15682.1321334,-0.03,-0.0299031373,-1.885423e-06,15860.1742421,0.03,0.0301327221,1.942874e-06,15509.3547497,0
139,3,15698.179346,-0.03,-0.0299024869,-1.882536e-06,15884.1514319,0.03,0.0301344151,1.941914e-06,15517.8937378,0
140,3,15697.9448971,-0.03,-0.0299039885,-1.882051e-06,15889.0425924,0.03,0.0301324878,1.942429e-06,15512.787237,0
141,3,15682.6504978,-0.03,-0.0299034912,-1.88612e-06,15854.5008801,0.03,0.0301325021,1.942059e-06,15515.7500879,0
142,3,15680.9676216,-0.03,-0.0299045816,-1.885696e-06,15858.6440232,0.03,0.0301335782,1.943032e-06,15508.5341878,0
143,3,15691.7951591,-0.03,-0.0299011621,-1.885062e-06,15862.1637379,0.03,0.0301321626,1.940716e-06,15526.3122476,0
144,3,15693.9257096,-0.03,-0.0299027116,-1.883536e-06,15875.8375736,0.03,0.0301331143,1.941882e-06,15517.4795894,0
145,3,15684.5494912,-0.03,-0.0299034099,-1.884802e-06,15865.5444445,0.03,0.0301312109,1.942826e-06,15508.9600922,0
146,3,15686.3009482,-0.03,-0.0299027786,-1.884959e-06,15863.888074,0.03,0.0301325069,1.942284e-06,15513.9551682,0
147,3,15692.2210338,-0.03,-0.0299036633,-1.883863e-06,15873.587039,0.03,0.0301316987,1.941941e-06,15516.2791763,0
148,3,15686.9956195,-0.03,-0.0299030273,-1.884374e-06,15868.9449653,0.03,0.0301306657,1.942598e-06,15510.4997019,0
149,3,15680.3918639,-0.03,-0.0299047872,-1.885802e-06,15857.8616419,0.03,0.0301319522,1.942976e-06,15508.1443106,0
150,3,15687.1878192,-0.03,-0.0299045098,-1.885459e-06,15860.5993554,0.03,0.0301314404,1.94161e-06,15518.7913124,0
151,4,15704.622686,-0.03,-0.0299048941,-1.882373e-06,15886.8056969,0.03,0.0301317426,1.940491e-06,15527.896084,0
152,4,15688.7601465,-0.03,-0.0299032442,-1.884868e-06,15864.9009904,0.03,0.0301325891,1.94181e-06,15517.7844897,0
153,4,15681.0557343,-0.03,-0.0299026703,-1.88586e-06,15856.2514185,0.03,0.0301325652,1.94266e-06,15510.9824673,0
154,4,15695.6739769,-0.03,-0.0299023929,-1.882764e-06,15882.1779575,0.03,0.0301330578,1.942204e-06,15514.8778398,0
155,4,15700.1550774,-0.03,-0.0299027468,-1.883217e-06,15878.5454889,0.03,0.0301330291,1.94068e-06,15527.0467568,0
156,4,15692.3474035,-0.03,-0.0299032538,-1.884752e-06,15865.882514,0.03,0.0301339569,1.941139e-06,15523.853212,0
157,4,15682.9125387,-0.03,-0.0299016038,-1.884588e-06,15866.3876667,0.03,0.0301331343,1.943447e-06,15504.9941161,0
158,4,15691.9193831,-0.03,-0.0299024312,-1.884273e-06,15869.4792103,0.03,0.0301332204,1.941623e-06,15519.6041662,0
159,4,15691.205407,-0.03,-0.0299028377,-1.884602e-06,15866.9245284,0.03,0.0301338325,1.941533e-06,15520.6388457,0
160,4,15691.5902247,-0.03,-0.0299039424,-1.884845e-06,15865.4650117,0.03,0.0301337608,1.941262e-06,15522.7685907,0
161,4,15704.4273936,-0.03,-0.029903622,-1.88241e-06,15885.8176487,0.03,0.030133603,1.940539e-06,15528.4706981,0
162,4,15700.2100744,-0.03,-0.0299020534,-1.883164e-06,15878.6241666,0.03,0.030133713,1.940719e-06,15527.087126,0
163,4,15690.2885217,-0.03,-0.0299030338,-1.884076e-06,15871.45837,0.03,0.030131054,1.942118e-06,15514.5331025,0
164,4,15683.3668365,-0.03,-0.029901953,-1.885302e-06,15860.5639839,0.03,0.0301339282,1.942695e-06,15511.4046209,0
165,4,15692.5502982,-0.03,-0.0299025173,-1.88393e-06,15872.4142086,0.03,0.030133053,1.941807e-06,15518.0473652,0
166,4,15691.5794899,-0.03,-0.0299053054,-1.88335e-06,15878.782701,0.03,0.0301327804,1.942784e-06,15510.1032333,0
167,4,15681.7186991,-0.03,-0.0299032251,-1.885315e-06,15861.1293603,0.03,0.030131867,1.943034e-06,15507.6375401,0
168,4,15687.0253076,-0.03,-0.0299046885,-1.886043e-06,15855.7829806,0.03,0.0301325222,1.941146e-06,15523.0581316,0
169,4,15690.7128903,-0.03,-0.0299033494,-1.884505e-06,15868.0127673,0.03,0.0301322209,1.94168e-06,15518.633812,0
170,4,15690.1117292,-0.03,-0.0299049946,-1.884263e-06,15870.9238572,0.03,0.0301329512,1.94222e-06,15514.6951427,0
171,4,15683.2934186,-0.03,-0.0299053085,-1.885101e-06,15864.0351366,0.03,0.0301328794,1.943061e-06,15507.9430857,0
172,4,15683.6165907,-0.03,-0.0299035772,-1.885337e-06,15861.1310339,0.03,0.0301318799,1.942572e-06,15511.332347,0
173,4,15693.4498724,-0.03,-0.0299034864,-1.884681e-06,15866.6036321,0.03,0.0301317747,1.940817e-06,15525.304395,0
174,4,15693.1910151,-0.03,-0.0299030512,-1.88337e-06,15877.417183,0.03,0.0301336207,1.942281e-06,15514.5525802,0
175,4,15692.8005291,-0.03,-0.0299030894,-1.883366e-06,15877.4711872,0.03,0.0301323868,1.942304e-06,15513.7335865,0
176,4,15690.0156837,-0.03,-0.0299014682,-1.88539e-06,15859.5665618,0.03,0.0301327838,1.940881e-06,15525.312371,0
177,4,15684.1554014,-0.03,-0.0299031277,-1.885571e-06,15858.9242728,0.03,0.0301321334,1.942194e-06,15514.4817665,0
178,4,15694.9462873,-0.03,-0.0299024247,-1.88442e-06,15868.2378132,0.03,0.0301333816,1.940748e-06,15526.6843506,0
179,4,15688.9412824,-0.03,-0.0299017838,-1.884607e-06,15866.3232175,0.03,0.0301335346,1.941994e-06,15516.8010818,0
180,4,15689.0280819,-0.03,-0.029903319,-1.885121e-06,15862.8114588,0.03,0.0301332572,1.941539e-06,15520.2945704,0
181,4,15701.0728369,-0.03,-0.0299040842,-1.882411e-06,15886.0547457,0.03,0.0301320138,1.941283e-06,15521.7007515,0
182,4,15699.6084616,-0.03,-0.0299037925,-1.883248e-06,15878.8393775,0.03,0.0301338024,1.940898e-06,15525.701196,0
183,4,15695.5018434,-0.03,-0.0299032281,-1.883751e-06,15874.299788,0.03,0.0301332907,1.941327e-06,15522.0066995,0
184,4,15690.9097277,-0.03,-0.0299018843,-1.884558e-06,15866.7890826,0.03,0.0301320855,1.941477e-06,15520.1866929,0
185,4,15698.5635023,-0.03,-0.0299029173,-1.882588e-06,15883.9413085,0.03,0.0301342137,1.941783e-06,15518.8369143,0
186,4,15688.6223707,-0.03,-0.0299031325,-1.884317e-06,15869.4808251,0.03,0.0301333816,1.942438e-06,15513.1755042,0
187,4,15680.25672,-0.03,-0.0299013439,-1.885761e-06,15856.3804745,0.03,0.0301334198,1.942924e-06,15509.3147236,0
188,4,15681.8323129,-0.03,-0.0299033286,-1.885632e-06,15858.5177808,0.03,0.0301336255,1.942808e-06,15510.346622,0
189,4,15692.8797522,-0.03,-0.0299045672,-1.883698e-06,15875.4573185,0.03,0.0301340368,1.942152e-06,15515.7973217,0
190,4,15684.8968925,-0.03,-0.0299032138,-1.88495e-06,15864.1947001,0.03,0.0301331759,1.942706e-06,15510.9295488,0
191,4,15685.7439886,-0.03,-0.0299030464,-1.884522e-06,15867.7088408,0.03,0.0301330564,1.942909e-06,15509.2474223,0
192,4,15698.5109996,-0.03,-0.0299014299,-1.882936e-06,15880.2157376,0.03,0.0301313873,1.941173e-06,15522.2575731,0
193,4,15684.7685382,-0.03,-0.0299026542,-1.884491e-06,15867.7617457,0.03,0.0301328364,1.943139e-06,15507.2984485,0
194,4,15686.8853757,-0.03,-0.0299020277,-1.885125e-06,15862.0928055,0.03,0.0301322003,1.941908e-06,15516.8011564,0
195,4,15679.667199,-0.03,-0.0299023577,-1.885542e-06,15858.7598155,0.03,0.0301353232,1.943473e-06,15505.9129713,0
196,4,15692.1829761,-0.03,-0.0299028121,-1.883966e-06,15872.267387,0.03,0.0301332046,1.941889e-06,15517.4701541,0
197,4,15690.0816831,-0.03,-0.0299025921,-1.88438e-06,15868.6634861,0.03,0.0301335442,1.941995e-06,15516.798035,0
198,4,15678.9514837,-0.03,-0.0299034003,-1.885555e-06,15859.2034176,0.03,0.030132669,1.943532e-06,15504.0765987,0
199,4,15693.9765792,-0.03,-0.0299021234,-1.882978e-06,15880.2298274,0.03,0.0301336303,1.942423e-06,15513.4233378,0
200,4,15694.0832653,-0.03,-0.029903692,-1.883203e-06,15879.1654431,0.03,0.0301349024,1.942353e-06,15514.6373496,0
201,5,15679.6742218,-0.03,-0.029905465,-1.886439e-06,15852.8661674,0.03,0.030133701,1.942669e-06,15511.4952676,0
202,5,15679.1083088,-0.03,-0.0299046663,-1.885899e-06,15856.9818956,0.03,0.0301333519,1.943274e-06,15506.4864245,0
203,5,15686.0295065,-0.03,-0.0299031598,-1.885424e-06,15860.1777637,0.03,0.0301340358,1.942007e-06,15516.9552942,0
204,5,15687.0713169,-0.03,-0.0299045181,-1.884792e-06,15866.2165905,0.03,0.0301323667,1.942365e-06,15513.2360293,0
205,5,15686.3665283,-0.03,-0.0299038342,-1.884612e-06,15867.3690924,0.03,0.0301319219,1.942645e-06,15510.7710879,0
206,5,15685.2620733,-0.03,-0.0299048815,-1.884832e-06,15866.0726792,0.03,0.0301334236,1.942857e-06,15509.8515228,0
207,5,15692.8681321,-0.03,-0.0299044511,-1.883454e-06,15877.4523296,0.03,0.0301337632,1.942374e-06,15513.8831142,0
208,5,15684.5886974,-0.03,-0.0299045707,-1.884765e-06,15866.4717883,0.03,0.0301331175,1.943049e-06,15508.1613999,0
209,5,15679.2659798,-0.03,-0.0299026433,-1.886493e-06,15850.916648,0.03,0.0301340501,1.942557e-06,15512.5693094,0
210,5,15682.8011548,-0.03,-0.0299032268,-1.885633e-06,15858.4553834,0.03,0.030133108,1.942531e-06,15512.2919531,0
211,5,15695.5173658,-0.03,-0.0299033033,-1.883971e-06,15872.4859884,0.03,0.0301328354,1.941079e-06,15523.7552928,0
212,5,15691.6830742,-0.03,-0.0299037624,-1.88491e-06,15864.8224053,0.03,0.0301323189,1.941071e-06,15523.5531828,0
213,5,15678.5287082,-0.03,-0.0299035616,-1.886467e-06,15851.6218943,0.03,0.0301329741,1.942753e-06,15510.4504278,0
214,5,15683.1646793,-0.03,-0.0299031072,-1.884655e-06,15866.621318,0.03,0.0301328784,1.943398e-06,15505.2533758,0
215,5,15693.6221236,-0.03,-0.0299029972,-1.88318e-06,15878.9904311,0.03,0.0301340214,1.942388e-06,15513.9042251,0
216,5,15680.8233594,-0.03,-0.0299033081,-1.885606e-06,15858.7255768,0.03,0.0301316493,1.942953e-06,15508.1719939,0
217,5,15679.7264884,-0.03,-0.0299031359,-1.88656e-06,15850.6148227,0.03,0.0301324671,1.942308e-06,15513.74298,0
218,5,15695.6357598,-0.03,-0.0299034564,-1.884497e-06,15868.1369087,0.03,0.0301312046,1.94043e-06,15528.106966,0
219,5,15691.0231517,-0.03,-0.0299031025,-1.884033e-06,15871.8570747,0.03,0.0301324624,1.942076e-06,15515.5938285,0
220,5,15688.6196226,-0.03,-0.0299032842,-1.885122e-06,15862.7845837,0.03,0.0301329213,1.941614e-06,15519.5220574,0
221,5,15687.5867021,-0.03,-0.0299044988,-1.884617e-06,15867.6796399,0.03,0.0301325387,1.942424e-06,15512.8533729,0
222,5,15694.0309397,-0.03,-0.0299026719,-1.88341e-06,15876.8785872,0.03,0.0301328974,1.941966e-06,15516.6966878,0
223,5,15696.1647607,-0.03,-0.0299028632,-1.883392e-06,15877.1318982,0.03,0.0301321417,1.941428e-06,15520.6073571,0
224,5,15696.5376161,-0.03,-0.0299039058,-1.883537e-06,15876.4631648,0.03,0.0301339065,1.941371e-06,15521.9721012,0
225,5,15686.0708097,-0.03,-0.0299058331,-1.885278e-06,15862.8239973,0.03,0.0301334186,1.942274e-06,15514.5044417,0
226,5,15694.9200631,-0.03,-0.0299035615,-1.883625e-06,15875.5386555,0.03,0.0301327252,1.94158e-06,15519.6928275,0
227,5,15685.499104,-0.03,-0.0299031406,-1.884686e-06,15866.3780598,0.03,0.0301335621,1.942843e-06,15510.034573,0
228,5,15690.236953,-0.03,-0.0299015481,-1.883697e-06,15873.8629939,0.03,0.0301331269,1.942547e-06,15512.1739139,0
229,5,15681.1395721,-0.03,-0.0299034419,-1.885764e-06,15857.4677955,0.03,0.0301338395,1.942866e-06,15509.9937412,0
230,5,15688.3064054,-0.03,-0.0299027819,-1.88495e-06,15863.9655694,0.03,0.030133433,1.941863e-06,15517.7955396,0
231,5,15691.3920213,-0.03,-0.0299026863,-1.884651e-06,15866.4316629,0.03,0.0301334426,1.941404e-06,15521.4693078,0
232,5,15688.1449534,-0.03,-0.0299034562,-1.885279e-06,15861.554815,0.03,0.0301332704,1.941606e-06,15519.7658021,0
233,5,15680.0154566,-0.03,-0.0299021793,-1.886225e-06,15852.9227955,0.03,0.030133213,1.942559e-06,15512.1224117,0
234,5,15692.2587299,-0.03,-0.0299020598,-1.88373e-06,15873.8565506,0.03,0.0301342938,1.942128e-06,15516.1213885,0
235,5,15687.6398628,-0.03,-0.0299016581,-1.884744e-06,15865.1032183,0.03,0.0301329787,1.942131e-06,15515.420278,0
236,5,15684.0970004,-0.03,-0.0299031071,-1.885116e-06,15862.7411257,0.03,0.0301314913,1.942621e-06,15510.7410555,0
237,5,15690.3355631,-0.03,-0.0299027245,-1.884504e-06,15867.6895883,0.03,0.0301325004,1.941751e-06,15518.2103164,0
238,5,15695.6036035,-0.03,-0.0299013089,-1.883494e-06,15875.4468557,0.03,0.0301318165,1.941343e-06,15521.1194003,0
239,5,15688.2897973,-0.03,-0.0299018924,-1.884368e-06,15868.3932226,0.03,0.0301333804,1.942389e-06,15513.5662321,0
240,5,15681.4544722,-0.03,-0.0299028154,-1.885701e-06,15857.6653457,0.03,0.0301329117,1.942753e-06,15510.4183085,0
241,5,15689.133822,-0.03,-0.0299018302,-1.884227e-06,15869.5476713,0.03,0.0301317304,1.942215e-06,15514.1065227,0
242,5,15696.7702394,-0.03,-0.0299023706,-1.883011e-06,15880.0828036,0.03,0.0301303196,1.941514e-06,15518.9813723,0
243,5,15689.9883652,-0.03,-0.0299042836,-1.884464e-06,15868.853743,0.03,0.0301329548,1.942004e-06,15516.4226232,0
244,5,15681.25319,-0.03,-0.0299022798,-1.885429e-06,15859.6689666,0.03,0.0301316731,1.942961e-06,15508.1203894,0
245,5,15686.6539787,-0.03,-0.029903021,-1.884516e-06,15867.7458828,0.03,0.0301337725,1.942737e-06,15510.9891354,0
246,5,15694.4689727,-0.03,-0.0299031023,-1.883739e-06,15874.3341302,0.03,0.03013284,1.941554e-06,15519.9597848,0
247,5,15689.5162462,-0.03,-0.0299028584,-1.885e-06,15863.5853581,0.03,0.03013295,1.941492e-06,15520.5120598,0
248,5,15678.3788273,-0.03,-0.0299034562,-1.886495e-06,15851.3307483,0.03,0.0301320509,1.942696e-06,15510.4302989,0
249,5,15694.0839146,-0.03,-0.0299034323,-1.88409e-06,15871.5519428,0.03,0.0301332656,1.941345e-06,15521.8498515,0
250,5,15697.0625655,-0.03,-0.0299015863,-1.883286e-06,15877.3475192,0.03,0.0301344038,1.941378e-06,15522.1722921,0
