pair,source_v_neg,current_neg_a,voltage_neg_v,source_v_pos,current_pos_a,voltage_pos_v,delta_v,delta_i,differential_resistance_ohm,abs_step_ohm
0,-0.03,-2.035881e-06,-0.0299003509,0.03,2.046591e-06,0.0301362712,0.0600366221,4.082472e-06,14705.948283295022,nan
1,-0.03,-2.034055e-06,-0.0298994423,0.03,2.04769e-06,0.0301369838,0.0600364261,4.081745e-06,14708.519542499593,2.5712592045711062
2,-0.03,-2.033126e-06,-0.0299007144,0.03,2.047126e-06,0.0301340617,0.0600347761,4.080252e-06,14713.497132039884,4.9775895402908645
3,-0.03,-2.033576e-06,-0.0299001597,0.03,2.04853e-06,0.0301351187,0.0600352784,4.082106e-06,14706.937644441376,6.559487598507985
4,-0.03,-2.034464e-06,-0.029901317,0.03,2.049629e-06,0.0301362617,0.0600375787,4.084093e-06,14700.345633657216,6.592010784159356
5,-0.03,-2.033059e-06,-0.0299003653,0.03,2.047535e-06,0.0301363956,0.0600367609,4.080594e-06,14712.750374087695,12.404740430478341
6,-0.03,-2.033188e-06,-0.0299001357,0.03,2.049274e-06,0.0301342148,0.0600343505,4.082462e-06,14705.427876609752,7.322497477942306
7,-0.03,-2.035878e-06,-0.0298998871,0.03,2.049075e-06,0.0301336744,0.0600335615,4.0849530000000005e-06,14696.267374434907,9.160502174845533
8,-0.03,-2.03471e-06,-0.0298996527,0.03,2.048913e-06,0.0301371225,0.0600367752,4.083623000000001e-06,14701.840791865458,5.573417430550762
9,-0.03,-2.035741e-06,-0.0299000879,0.03,2.048259e-06,0.0301361564,0.0600362443,4.084e-06,14700.353648383936,1.4871434815213433
10,-0.03,-2.035248e-06,-0.0298991697,0.03,2.046734e-06,0.0301361325,0.0600353022,4.081982e-06,14707.390233469918,7.036585085981642
11,-0.03,-2.033405e-06,-0.0299011448,0.03,2.049439e-06,0.0301350039,0.0600361487,4.082844e-06,14704.492432235962,2.897801233955761
12,-0.03,-2.033262e-06,-0.0299006953,0.03,2.048291e-06,0.0301341526,0.060034847899999993,4.081553e-06,14708.824778215547,4.332345979584716
13,-0.03,-2.033614e-06,-0.0298994614,0.03,2.048347e-06,0.030136166,0.0600356274,4.081961e-06,14707.545564497064,1.2792137184824242
14,-0.03,-2.033567e-06,-0.029900987,0.03,2.049833e-06,0.0301368738,0.060037860799999995,4.083400000000001e-06,14702.909536170835,4.63602832622928
15,-0.03,-2.033724e-06,-0.0298991888,0.03,2.049183e-06,0.0301339231,0.060033111900000005,4.082907e-06,14703.52175545512,0.6122192842849472
16,-0.03,-2.034119e-06,-0.0299006714,0.03,2.050229e-06,0.0301361564,0.0600368278,4.0843480000000005e-06,14699.243991941918,4.277763513202444
17,-0.03,-2.033632e-06,-0.0298989067,0.03,2.050291e-06,0.0301362377,0.0600351444,4.0839229999999996e-06,14700.361490654943,1.1174987130252703
18,-0.03,-2.034681e-06,-0.0298988732,0.03,2.049199e-06,0.0301368499,0.060035723099999994,4.08388e-06,14700.657977217741,0.29648656279823626
19,-0.03,-2.035126e-06,-0.0298982324,0.03,2.048137e-06,0.0301357069,0.0600339393,4.083263e-06,14702.44245839663,1.7844811788891093
20,-0.03,-2.034007e-06,-0.0299007001,0.03,2.048039e-06,0.0301364769,0.060037177,4.082046e-06,14707.618924431523,5.176466034892655
21,-0.03,-2.035267e-06,-0.0299001023,0.03,2.047118e-06,0.0301346452,0.0600347475,4.082385e-06,14705.802490455946,1.8164339755767287
22,-0.03,-2.03234e-06,-0.0299006188,0.03,2.047032e-06,0.0301370555,0.060037674299999996,4.079372e-06,14717.38157245772,11.579082001773713
23,-0.03,-2.03325e-06,-0.0298993897,0.03,2.04693e-06,0.0301373377,0.0600367274,4.08018e-06,14714.23500923979,3.1465632179297245
24,-0.03,-2.034732e-06,-0.0299002266,0.03,2.048746e-06,0.0301365869,0.0600368135,4.083478e-06,14702.372217996523,11.862791243267566
25,-0.03,-2.032751e-06,-0.0298998823,0.03,2.0482e-06,0.0301365486,0.0600364309,4.080951e-06,14711.382444925215,9.010226928692646
26,-0.03,-2.034774e-06,-0.0298990741,0.03,2.04906e-06,0.0301363238,0.060035397899999995,4.083834e-06,14700.743933274465,10.638511650749933
27,-0.03,-2.034873e-06,-0.0299013409,0.03,2.047722e-06,0.0301379259,0.060039266800000005,4.082595e-06,14706.153022771057,5.40908949659206
28,-0.03,-2.033712e-06,-0.0298992797,0.03,2.050607e-06,0.0301361947,0.0600354744,4.0843189999999995e-06,14699.01699646869,7.1360263023671
29,-0.03,-2.035005e-06,-0.0298988828,0.03,2.048221e-06,0.0301352267,0.0600341095,4.083226e-06,14702.61736675854,3.6003702898506162
30,-0.03,-2.035459e-06,-0.0299005737,0.03,2.049048e-06,0.030137001,0.0600375747,4.0845070000000004e-06,14698.854647574357,3.7627191841838794
31,-0.03,-2.035762e-06,-0.0298997415,0.03,2.049105e-06,0.0301351119,0.060034853400000004,4.084867e-06,14696.893044498145,1.961603076211759
32,-0.03,-2.033954e-06,-0.0299009515,0.03,2.049671e-06,0.0301367523,0.060037703799999995,4.083624999999999e-06,14702.060987480487,5.1679429823416285
33,-0.03,-2.03396e-06,-0.0298991485,0.03,2.050353e-06,0.0301357719,0.0600349204,4.084313e-06,14698.90294891699,3.15803856349703
34,-0.03,-2.035772e-06,-0.0298977425,0.03,2.050254e-06,0.0301362454,0.0600339879,4.086026000000001e-06,14692.512455867876,6.390493049113502
35,-0.03,-2.034802e-06,-0.0298982303,0.03,2.051431e-06,0.0301351167,0.060033347,4.086233e-06,14691.61132025511,0.9011356127666659
36,-0.03,-2.035903e-06,-0.0298986799,0.03,2.049434e-06,0.0301365993,0.0600352792,4.085337e-06,14695.306458194269,3.6951379391593946
37,-0.03,-2.035016e-06,-0.0298990146,0.03,2.04872e-06,0.030136341,0.0600353556,4.083736e-06,14701.086358177905,5.779899983635914
38,-0.03,-2.035127e-06,-0.0298980964,0.03,2.048161e-06,0.0301359632,0.0600340596,4.083288e-06,14702.381903995016,1.2955458171109058
39,-0.03,-2.035701e-06,-0.0298993972,0.03,2.04789e-06,0.0301367667,0.0600361639,4.083591e-06,14701.806302345167,0.5756016498489771
40,-0.03,-2.034679e-06,-0.0298984455,0.03,2.048972e-06,0.0301364941,0.060034939600000004,4.083651e-06,14701.290487360455,0.5158149847120512
41,-0.03,-2.033845e-06,-0.0298990625,0.03,2.049834e-06,0.0301361115,0.060035174,4.0836790000000004e-06,14701.247086267062,0.043401093393185874
42,-0.03,-2.033743e-06,-0.0298974364,0.03,2.04826e-06,0.0301355089,0.0600329453,4.082003e-06,14706.737182701729,5.490096434667066
43,-0.03,-2.034332e-06,-0.0298988568,0.03,2.049491e-06,0.0301371492,0.060036006,4.083823e-06,14700.932435122679,5.804747579049945
44,-0.03,-2.034401e-06,-0.0298986607,0.03,2.049527e-06,0.0301370488,0.0600357095,4.083928e-06,14700.48186451867,0.4505706040090445
45,-0.03,-2.033673e-06,-0.0299005785,0.03,2.050041e-06,0.0301364941,0.060037072600000005,4.0837139999999995e-06,14701.586007247328,1.1041427286581893
46,-0.03,-2.034699e-06,-0.0298984694,0.03,2.050168e-06,0.0301344711,0.0600329405,4.084867e-06,14696.424755077704,5.161252169624277
47,-0.03,-2.035163e-06,-0.0298987038,0.03,2.050115e-06,0.0301347293,0.0600334331,4.0852779999999995e-06,14695.06679839169,1.3579566860134946
48,-0.03,-2.035074e-06,-0.0299009371,0.03,2.047234e-06,0.0301346433,0.060035580399999997,4.082308e-06,14706.283896266523,11.217097874832689
49,-0.03,-2.03439e-06,-0.0298973408,0.03,2.048791e-06,0.0301343276,0.0600316684,4.083181e-06,14702.181558936527,4.102337329995862
50,-0.03,-2.035413e-06,-0.0298990146,0.03,2.048185e-06,0.030135375,0.0600343896,4.0835980000000005e-06,14701.346606595456,0.8349523410706752
51,-0.03,-2.03273e-06,-0.0298986081,0.03,2.049188e-06,0.0301356667,0.0600342748,4.081918e-06,14707.369133823855,6.022527228398758
52,-0.03,-2.033949e-06,-0.029899622,0.03,2.048969e-06,0.0301359058,0.0600355278,4.082918e-06,14704.073851103549,3.2952827203062043
53,-0.03,-2.034398e-06,-0.0298995455,0.03,2.049403e-06,0.0301350832,0.060034628699999995,4.083801e-06,14700.674371743382,3.399479360166879
54,-0.03,-2.03339e-06,-0.0298994594,0.03,2.049624e-06,0.0301358484,0.06003530780000001,4.083014e-06,14703.674246524752,2.9998747813697264
55,-0.03,-2.034588e-06,-0.0298984503,0.03,2.049631e-06,0.0301355997,0.060034050000000005,4.084219e-06,14699.028137325644,4.646109199107741
56,-0.03,-2.034991e-06,-0.0298979386,0.03,2.050365e-06,0.0301371253,0.060035063900000005,4.0853559999999995e-06,14695.185413462135,3.8427238635085814
57,-0.03,-2.035402e-06,-0.0298997272,0.03,2.050527e-06,0.0301369197,0.060036646900000004,4.085929e-06,14693.512026273584,1.6733871885517146
58,-0.03,-2.035385e-06,-0.0298995024,0.03,2.0488e-06,0.0301369819,0.0600364843,4.084185e-06,14699.746534498316,6.234508224732053
59,-0.03,-2.03487e-06,-0.0298987038,0.03,2.048274e-06,0.0301359967,0.060034700499999996,4.083144e-06,14703.057374415399,3.3108399170832854
60,-0.03,-2.035667e-06,-0.0298968865,0.03,2.048346e-06,0.0301361258,0.0600330123,4.084013e-06,14699.5154765668,3.5418978485995467
61,-0.03,-2.033467e-06,-0.0298984025,0.03,2.047273e-06,0.0301365371,0.060034939600000004,4.08074e-06,14711.777667775943,12.262191209143566
62,-0.03,-2.034496e-06,-0.0298976899,0.03,2.048627e-06,0.0301358771,0.060033566999999996,4.0831229999999995e-06,14702.85538789794,8.922279878002882
63,-0.03,-2.03477e-06,-0.0298987946,0.03,2.048221e-06,0.0301352985,0.060034093100000005,4.082991e-06,14703.459571671847,0.6041837739066978
64,-0.03,-2.03473e-06,-0.0298998802,0.03,2.049783e-06,0.0301360828,0.060035963,4.084513e-06,14698.438467450096,5.021104221750647
65,-0.03,-2.033612e-06,-0.0298978477,0.03,2.04994e-06,0.0301367093,0.060034557,4.083552e-06,14701.553206620121,3.114739170025132
66,-0.03,-2.034544e-06,-0.0298986464,0.03,2.049334e-06,0.0301352698,0.060033916199999995,4.083878e-06,14700.222729474288,1.3304771458333562
67,-0.03,-2.036432e-06,-0.0298989142,0.03,2.047072e-06,0.0301358723,0.060034786500000006,4.083504e-06,14701.782219388057,1.5594899137686298
68,-0.03,-2.036259e-06,-0.0298999185,0.03,2.047766e-06,0.0301342989,0.0600342174,4.084025e-06,14699.767361855033,2.014857533024042
69,-0.03,-2.033795e-06,-0.0299008702,0.03,2.048498e-06,0.0301371636,0.0600380338,4.082293e-06,14706.938918887008,7.171557031975681
70,-0.03,-2.034174e-06,-0.0299006837,0.03,2.047895e-06,0.0301343372,0.0600350209,4.082069e-06,14707.007867823892,0.06894893688331649
71,-0.03,-2.033427e-06,-0.029900985,0.03,2.048964e-06,0.0301346193,0.0600356043,4.0823910000000005e-06,14705.99075394787,1.01711387602154
72,-0.03,-2.033946e-06,-0.0299013771,0.03,2.048201e-06,0.0301349637,0.060036340800000004,4.082147e-06,14707.05018707068,1.0594331228094234
73,-0.03,-2.034306e-06,-0.0299009611,0.03,2.048426e-06,0.0301350259,0.060035987,4.082732e-06,14704.85620902866,2.1939780420198076
74,-0.03,-2.034839e-06,-0.0299020371,0.03,2.049424e-06,0.0301351119,0.060037149,4.084263e-06,14699.628549875462,5.227659153197237
75,-0.03,-2.035352e-06,-0.0298999424,0.03,2.050271e-06,0.0301344233,0.0600343657,4.085623e-06,14694.054174846775,5.574375028687427
76,-0.03,-2.0354e-06,-0.0299024101,0.03,2.048285e-06,0.0301337729,0.060036183,4.083685e-06,14701.47256705647,7.4183922096945025
77,-0.03,-2.035185e-06,-0.0299007267,0.03,2.046733e-06,0.0301350211,0.0600357478,4.081918e-06,14707.729993596147,6.257426539677908
78,-0.03,-2.035899e-06,-0.0299013054,0.03,2.048525e-06,0.0301361593,0.0600374647,4.084424e-06,14699.126412928726,8.603580667420829
79,-0.03,-2.03314e-06,-0.0299015828,0.03,2.04901e-06,0.0301336886,0.0600352714,4.0821499999999995e-06,14706.777408963415,7.650996034688433
80,-0.03,-2.034103e-06,-0.0298998102,0.03,2.049759e-06,0.0301355634,0.0600353736,4.083862e-06,14700.63719097266,6.140217990754536
81,-0.03,-2.034337e-06,-0.0299009006,0.03,2.050084e-06,0.0301353529,0.0600362535,4.084421e-06,14698.840667991863,1.7965229807978176
82,-0.03,-2.035306e-06,-0.0299018188,0.03,2.048872e-06,0.030134363,0.060036181800000005,4.0841780000000005e-06,14699.697662540662,0.8569945487997757
83,-0.03,-2.035799e-06,-0.0299011349,0.03,2.045619e-06,0.0301358646,0.0600369995,4.081418e-06,14709.838467905029,10.140805364366315
84,-0.03,-2.034442e-06,-0.0299011253,0.03,2.047323e-06,0.0301373615,0.0600384868,4.081765e-06,14708.952328220757,0.8861396842712566
85,-0.03,-2.036451e-06,-0.0299010153,0.03,2.046312e-06,0.0301364959,0.060037511200000004,4.082763e-06,14705.1178821793,3.8344460414573405
86,-0.03,-2.035119e-06,-0.0299010392,0.03,2.047654e-06,0.0301363764,0.060037415600000005,4.0827730000000004e-06,14705.058449245158,0.05943293414202344
87,-0.03,-2.03582e-06,-0.0299003028,0.03,2.04804e-06,0.0301370459,0.0600373487,4.0838600000000006e-06,14701.128025936245,3.930423308913305
88,-0.03,-2.034997e-06,-0.0299003506,0.03,2.049153e-06,0.0301372946,0.0600376452,4.0841500000000005e-06,14700.156752323004,0.9712736132405553
89,-0.03,-2.036216e-06,-0.0299004749,0.03,2.047877e-06,0.0301362807,0.060036755600000005,4.084093e-06,14700.144095641312,0.012656681692533311
90,-0.03,-2.034994e-06,-0.0299003219,0.03,2.048579e-06,0.030134956,0.0600352779,4.083573e-06,14701.654139646826,1.5100440055139188
91,-0.03,-2.035198e-06,-0.0299016753,0.03,2.048866e-06,0.0301338369,0.0600355122,4.084064e-06,14699.944026342388,1.7101133044379822
92,-0.03,-2.033702e-06,-0.0298998963,0.03,2.048246e-06,0.0301369455,0.060036841800000004,4.081948e-06,14707.889909425598,7.945883083209992
93,-0.03,-2.034616e-06,-0.0298999632,0.03,2.047846e-06,0.0301356399,0.0600356031,4.082462e-06,14705.734701266052,2.1552081595455093
94,-0.03,-2.035181e-06,-0.0299014027,0.03,2.048121e-06,0.0301360225,0.0600374252,4.083302e-06,14703.155730337849,2.578970928203489
95,-0.03,-2.034831e-06,-0.0299012066,0.03,2.046586e-06,0.0301377824,0.060038989,4.081417e-06,14710.329525260466,7.173794922617162
96,-0.03,-2.034184e-06,-0.0298996045,0.03,2.047376e-06,0.0301358312,0.0600354357,4.08156e-06,14708.94356569547,1.3859595649955736
97,-0.03,-2.03532e-06,-0.0299007666,0.03,2.046756e-06,0.030135616,0.0600363826,4.0820760000000005e-06,14707.31622831128,1.6273373841904686
98,-0.03,-2.034679e-06,-0.0298989637,0.03,2.048858e-06,0.030136582,0.0600355457,4.083537e-06,14701.849328168202,5.46690014307751
99,-0.03,-2.036139e-06,-0.029899485,0.03,2.048286e-06,0.0301353864,0.060034871399999995,4.0844249999999994e-06,14698.487889972273,3.361438195928713
100,-0.03,-2.03426e-06,-0.0298999489,0.03,2.047881e-06,0.0301364768,0.0600364257,4.082141e-06,14707.092601651928,8.604711679654429
101,-0.03,-2.034839e-06,-0.0299011301,0.03,2.047469e-06,0.0301359986,0.0600371287,4.082308e-06,14706.663167012386,0.42943463954179606
102,-0.03,-2.033898e-06,-0.0299003171,0.03,2.046006e-06,0.0301368642,0.0600371813,4.079904000000001e-06,14715.34165999984,8.678492987453865
103,-0.03,-2.035141e-06,-0.029900298,0.03,2.046071e-06,0.0301354151,0.0600357131,4.081212e-06,14710.26574948814,5.075910511699476
104,-0.03,-2.033061e-06,-0.0299005036,0.03,2.048552e-06,0.0301344491,0.0600349527,4.081613000000001e-06,14708.634233573832,1.631515914308693
105,-0.03,-2.034359e-06,-0.029900011,0.03,2.048499e-06,0.0301374524,0.060037463400000005,4.082858e-06,14704.76401579482,3.870217779011
106,-0.03,-2.035927e-06,-0.0299016466,0.03,2.049743e-06,0.0301348029,0.060036449500000005,4.08567e-06,14694.395166521037,10.36884927378378
107,-0.03,-2.036451e-06,-0.029900671,0.03,2.048704e-06,0.0301378015,0.060038472499999995,4.085155e-06,14696.74284084692,2.3476743258834176
108,-0.03,-2.035567e-06,-0.0299003123,0.03,2.048411e-06,0.0301370794,0.0600373917,4.083978e-06,14700.713789349502,3.97094850258145
109,-0.03,-2.036635e-06,-0.0299002215,0.03,2.047081e-06,0.0301375576,0.0600377791,4.083716e-06,14701.751811340457,1.0380219909548032
110,-0.03,-2.036673e-06,-0.0298992363,0.03,2.04822e-06,0.0301376915,0.0600369278,4.084893e-06,14697.307322370501,4.444488969955273
111,-0.03,-2.034847e-06,-0.0299006997,0.03,2.048162e-06,0.0301371607,0.0600378604,4.083008999999999e-06,14704.317428641476,7.010106270974575
112,-0.03,-2.033763e-06,-0.0298996667,0.03,2.048602e-06,0.0301374955,0.0600371622,4.082364999999999e-06,14706.466031332331,2.148602690855114
113,-0.03,-2.035173e-06,-0.0299018762,0.03,2.049277e-06,0.0301361229,0.0600379991,4.0844499999999995e-06,14699.163681768661,7.30234956366985
114,-0.03,-2.033926e-06,-0.0299014649,0.03,2.049813e-06,0.0301376915,0.0600391564,4.0837389999999996e-06,14702.006274152194,2.842592383532974
115,-0.03,-2.034331e-06,-0.029901594,0.03,2.049052e-06,0.0301377011,0.0600392951,4.083383e-06,14703.322000409955,1.3157262577606161
116,-0.03,-2.035056e-06,-0.0299005084,0.03,2.049012e-06,0.0301367446,0.060037253,4.0840679999999995e-06,14700.35587066621,2.966129743745114
117,-0.03,-2.036146e-06,-0.0299010584,0.03,2.048663e-06,0.0301356494,0.0600367078,4.084809e-06,14697.55569966674,2.8001709994696284
118,-0.03,-2.035435e-06,-0.0299001784,0.03,2.047645e-06,0.0301361516,0.06003633,4.08308e-06,14703.686922617238,6.131222950498341
119,-0.03,-2.035628e-06,-0.0299006662,0.03,2.045704e-06,0.0301374094,0.0600380756,4.081332e-06,14710.412090954618,6.725168337379728
120,-0.03,-2.035608e-06,-0.0299001449,0.03,2.048643e-06,0.0301368259,0.060036970800000006,4.084251e-06,14699.628108066816,10.783982887802267
121,-0.03,-2.034964e-06,-0.0298998006,0.03,2.048386e-06,0.0301373281,0.0600371287,4.0833500000000005e-06,14702.910281998847,3.282173932031583
122,-0.03,-2.034e-06,-0.0299009819,0.03,2.047134e-06,0.0301346021,0.060035584,4.081134e-06,14710.51526364976,7.604981650913032
123,-0.03,-2.034751e-06,-0.0299004271,0.03,2.047718e-06,0.0301340808,0.060034507900000006,4.0824690000000005e-06,14705.441217067417,5.074046582343726
124,-0.03,-2.033871e-06,-0.0299007523,0.03,2.049675e-06,0.0301366633,0.060037415600000005,4.083546e-06,14702.274836624836,3.166380442580703
125,-0.03,-2.033941e-06,-0.0299014553,0.03,2.049607e-06,0.0301361994,0.0600376547,4.0835480000000004e-06,14702.326187913059,0.05135128822257684
126,-0.03,-2.035011e-06,-0.0299003841,0.03,2.048845e-06,0.0301378828,0.0600382669,4.083856e-06,14701.367261725194,0.958926187864563
127,-0.03,-2.03573e-06,-0.0299025314,0.03,2.049924e-06,0.0301379307,0.0600404621,4.085654e-06,14695.434831241217,5.932430483977441
128,-0.03,-2.036407e-06,-0.0299008623,0.03,2.047142e-06,0.0301368259,0.0600376882,4.083549e-06,14702.330791181887,6.895959940669854
129,-0.03,-2.036114e-06,-0.029899638,0.03,2.046265e-06,0.0301372875,0.0600369255,4.082378999999999e-06,14706.35761647804,4.026825296154129
130,-0.03,-2.035173e-06,-0.0298992816,0.03,2.045096e-06,0.0301374501,0.0600367317,4.080269e-06,14713.915111969332,7.557495491291775
131,-0.03,-2.034688e-06,-0.0298984112,0.03,2.048852e-06,0.0301360776,0.060034488799999994,4.08354e-06,14701.57970780254,12.335404166791704
132,-0.03,-2.033534e-06,-0.0298994251,0.03,2.048496e-06,0.0301359341,0.0600353592,4.08203e-06,14707.231255037323,5.651547234781901
133,-0.03,-2.035463e-06,-0.0299002811,0.03,2.046008e-06,0.0301347959,0.060035077,4.0814710000000005e-06,14709.176421932189,1.9451668948659062
134,-0.03,-2.0348e-06,-0.0298993007,0.03,2.049152e-06,0.0301367567,0.060036057399999995,4.0839520000000006e-06,14700.480661868696,8.695760063492344
135,-0.03,-2.035422e-06,-0.0298999081,0.03,2.046914e-06,0.0301376653,0.0600375734,4.082336e-06,14706.671229413749,6.190567545052545
136,-0.03,-2.033516e-06,-0.0299011372,0.03,2.048573e-06,0.0301360489,0.0600371861,4.082089e-06,14707.466226238575,0.7949968248267396
137,-0.03,-2.033457e-06,-0.0299005728,0.03,2.046741e-06,0.0301357763,0.0600363491,4.080198e-06,14714.077380558492,6.61115431991675
138,-0.03,-2.035276e-06,-0.029899602,0.03,2.047929e-06,0.030136288,0.06003589,4.0832050000000005e-06,14703.129037116676,10.948343441816178
139,-0.03,-2.034471e-06,-0.0298982677,0.03,2.049981e-06,0.0301360297,0.060034297400000006,4.084452e-06,14698.250193661232,4.878843455444439
140,-0.03,-2.034569e-06,-0.0299007928,0.03,2.048446e-06,0.0301370962,0.060037889,4.083015000000001e-06,14704.302825240658,6.052631579426816
141,-0.03,-2.035819e-06,-0.0299001281,0.03,2.046622e-06,0.0301378566,0.0600379847,4.082441000000001e-06,14706.393723754976,2.0908985143178143
142,-0.03,-2.037058e-06,-0.0298992481,0.03,2.050782e-06,0.0301377992,0.0600370473,4.0878399999999995e-06,14686.740992798155,19.65273095682096
143,-0.03,-2.036197e-06,-0.0298990616,0.03,2.048136e-06,0.0301365032,0.060035564799999996,4.0843329999999994e-06,14698.988745530789,12.247752732633671
144,-0.03,-2.037907e-06,-0.0298994012,0.03,2.046612e-06,0.0301364506,0.0600358518,4.084519e-06,14698.38965126616,0.599094264629457
145,-0.03,-2.037572e-06,-0.0298992338,0.03,2.046083e-06,0.0301350111,0.060034244900000006,4.083655e-06,14701.105970019507,2.7163187533478776
146,-0.03,-2.036314e-06,-0.0299002955,0.03,2.047332e-06,0.030136221,0.0600365165,4.083646e-06,14701.694637586117,0.588667566609729
147,-0.03,-2.034943e-06,-0.0298992912,0.03,2.048343e-06,0.0301349489,0.0600342401,4.083286e-06,14702.433309839182,0.7386722530645784
148,-0.03,-2.034288e-06,-0.0299006828,0.03,2.048866e-06,0.0301357141,0.0600363969,4.083153999999999e-06,14703.436828490918,1.003518651736158
149,-0.03,-2.034245e-06,-0.0298985499,0.03,2.04741e-06,0.0301346954,0.0600332453,4.0816550000000005e-06,14708.064571846468,4.627743355549683
150,-0.03,-2.036565e-06,-0.029901448,0.03,2.049636e-06,0.030135365,0.060036813,4.086201e-06,14692.574594348149,15.489977498318694
151,-0.03,-2.035923e-06,-0.0299002572,0.03,2.049532e-06,0.0301373784,0.0600376356,4.085455e-06,14695.458792227548,2.8841978793989256
152,-0.03,-2.038067e-06,-0.029900195,0.03,2.048605e-06,0.0301353076,0.0600355026,4.086672e-06,14690.560583281456,4.898208946091472
153,-0.03,-2.035846e-06,-0.0298982629,0.03,2.047652e-06,0.0301362067,0.0600344696,4.083498e-06,14701.726216101979,11.16563282052266
154,-0.03,-2.03624e-06,-0.0299013619,0.03,2.047896e-06,0.0301364075,0.060037769399999996,4.084136e-06,14700.237553303808,1.4886627981704805
155,-0.03,-2.036811e-06,-0.029901625,0.03,2.048235e-06,0.030136551,0.060038176,4.085046e-06,14697.06240762038,3.175145683428127
156,-0.03,-2.03526e-06,-0.0298998985,0.03,2.048125e-06,0.0301383492,0.060038247700000005,4.0833849999999995e-06,14703.058295997074,5.9958883766939834
157,-0.03,-2.033429e-06,-0.0299008741,0.03,2.046572e-06,0.0301364123,0.0600372864,4.080001e-06,14715.017569848635,11.959273851560283
158,-0.03,-2.034353e-06,-0.0299000277,0.03,2.048252e-06,0.0301349585,0.0600349862,4.082605e-06,14705.068504055622,9.949065793012778
159,-0.03,-2.034613e-06,-0.0299010606,0.03,2.049081e-06,0.0301343607,0.0600354213,4.083694e-06,14701.253644371984,3.814859683638133
160,-0.03,-2.033573e-06,-0.0299007785,0.03,2.05025e-06,0.0301359389,0.060036717399999995,4.083823e-06,14701.106634641117,0.14700973086655722
161,-0.03,-2.035304e-06,-0.0299006063,0.03,2.047513e-06,0.0301343511,0.060034957400000005,4.082817e-06,14704.297890402633,3.191255761516004
162,-0.03,-2.03551e-06,-0.029900152,0.03,2.047581e-06,0.0301344563,0.0600346083,4.083091e-06,14703.22564449335,1.0722459092830832
163,-0.03,-2.036361e-06,-0.0299001998,0.03,2.047574e-06,0.0301344467,0.0600346465,4.083935e-06,14700.196379227387,3.0292652659627493
164,-0.03,-2.033841e-06,-0.0298991907,0.03,2.048754e-06,0.0301352167,0.0600344074,4.082595e-06,14704.962750407523,4.766371180136048
165,-0.03,-2.034367e-06,-0.0298986551,0.03,2.047888e-06,0.0301368332,0.0600354883,4.082255e-06,14706.45226719056,1.489516783036379
166,-0.03,-2.033753e-06,-0.0298988081,0.03,2.047722e-06,0.0301347002,0.060033508299999996,4.081475e-06,14708.77766003712,2.325392846560135
167,-0.03,-2.034475e-06,-0.0299006589,0.03,2.048512e-06,0.0301368953,0.0600375542,4.082987e-06,14704.321664506891,4.4559955302283925
168,-0.03,-2.034939e-06,-0.0298986264,0.03,2.049869e-06,0.0301341598,0.0600327862,4.084808e-06,14696.599252645414,7.722411861477667
169,-0.03,-2.03537e-06,-0.0298998603,0.03,2.04803e-06,0.0301365606,0.0600364209,4.083400000000001e-06,14702.556913356515,5.957660711101198
170,-0.03,-2.036795e-06,-0.0298987603,0.03,2.048828e-06,0.0301347433,0.060033503599999996,4.085623e-06,14693.843166635785,8.713746720730342
171,-0.03,-2.036195e-06,-0.0299015054,0.03,2.046941e-06,0.0301363645,0.0600378699,4.083136e-06,14703.862398901236,10.019232265451137
172,-0.03,-2.035125e-06,-0.029899602,0.03,2.047167e-06,0.0301347146,0.0600343166,4.082292e-06,14706.031954598055,2.169555696818861
173,-0.03,-2.036073e-06,-0.0298999703,0.03,2.046235e-06,0.030134552,0.0600345223,4.082308e-06,14706.024704652367,0.007249945687362924
174,-0.03,-2.033641e-06,-0.0299009602,0.03,2.048434e-06,0.0301358241,0.0600367843,4.082074999999999e-06,14707.418237048561,1.3935323961941322
175,-0.03,-2.034277e-06,-0.0298990951,0.03,2.047223e-06,0.0301366562,0.060035751299999995,4.0815e-06,14709.237118706358,1.8188816577967373
176,-0.03,-2.035412e-06,-0.0298987077,0.03,2.048621e-06,0.0301358767,0.0600345844,4.0840330000000005e-06,14699.828429398096,9.408689308262183
177,-0.03,-2.036669e-06,-0.0298993007,0.03,2.04905e-06,0.030134748,0.060034048699999995,4.085719e-06,14693.631329026786,6.197100371309716
178,-0.03,-2.035468e-06,-0.0298996642,0.03,2.048529e-06,0.0301346237,0.0600342879,4.083997e-06,14699.885406380072,6.254077353285538
179,-0.03,-2.036366e-06,-0.0298991094,0.03,2.047599e-06,0.0301367962,0.060035905599999995,4.0839649999999994e-06,14700.39669781695,0.5112914368783095
180,-0.03,-2.035787e-06,-0.0298989,0.03,2.048355e-06,0.0301367436,0.0600356436,4.084142e-06,14699.695456230464,0.7012415864865034
181,-0.03,-2.035516e-06,-0.0298975322,0.03,2.045336e-06,0.0301347924,0.0600323246,4.080852e-06,14710.733101813054,11.037645582589903
182,-0.03,-2.034184e-06,-0.0299006217,0.03,2.048332e-06,0.0301357201,0.060036341800000004,4.082516e-06,14705.7211288333,5.011972979753409
183,-0.03,-2.036166e-06,-0.0299004973,0.03,2.049601e-06,0.0301363179,0.060036815199999996,4.0857670000000005e-06,14694.135813422545,11.585315410755356
184,-0.03,-2.036633e-06,-0.0298986896,0.03,2.048477e-06,0.0301365666,0.0600352562,4.08511e-06,14696.117411771042,1.9815983484968456
185,-0.03,-2.036315e-06,-0.0299000765,0.03,2.048627e-06,0.0301360884,0.0600361649,4.084942e-06,14696.944265059332,0.8268532882902946
186,-0.03,-2.036652e-06,-0.0299008656,0.03,2.047422e-06,0.0301345198,0.0600353854,4.084073999999999e-06,14699.87698557862,2.9327205192876136
187,-0.03,-2.034647e-06,-0.0299009612,0.03,2.049795e-06,0.0301375136,0.0600384748,4.084442e-06,14699.308938650614,0.5680469280050602
188,-0.03,-2.034845e-06,-0.0299017408,0.03,2.0482e-06,0.0301351032,0.060036844,4.083045e-06,14703.93884955958,4.62991090896503
189,-0.03,-2.035425e-06,-0.029900373,0.03,2.049967e-06,0.0301379679,0.0600383409,4.085392e-06,14695.85804740402,8.080802155558558
190,-0.03,-2.036494e-06,-0.0299002247,0.03,2.048874e-06,0.0301372888,0.0600375135,4.085368000000001e-06,14695.741852386367,0.11619501765380846
191,-0.03,-2.036888e-06,-0.0298999904,0.03,2.049526e-06,0.0301357967,0.0600357871,4.086414e-06,14691.557708054053,4.1841443323137355
192,-0.03,-2.036438e-06,-0.0299012673,0.03,2.049466e-06,0.0301357249,0.0600369922,4.085904e-06,14693.686440014253,2.1287319601997297
193,-0.03,-2.036172e-06,-0.0299003969,0.03,2.048769e-06,0.0301370975,0.0600374944,4.084941e-06,14697.273326591498,3.5868865772445133
194,-0.03,-2.036089e-06,-0.0298990339,0.03,2.0479e-06,0.0301364136,0.0600354475,4.083989e-06,14700.19813961301,2.9248130215128185
195,-0.03,-2.037286e-06,-0.0299002295,0.03,2.049349e-06,0.0301371692,0.0600373987,4.086635e-06,14691.15756606597,9.040573547041276
196,-0.03,-2.035369e-06,-0.0299001769,0.03,2.047706e-06,0.0301360358,0.060036212699999994,4.083075e-06,14703.676199922851,12.518633856881934
197,-0.03,-2.035014e-06,-0.0299005786,0.03,2.04824e-06,0.0301358684,0.06003644700000001,4.0832539999999995e-06,14703.08900695377,0.5871929690802062
198,-0.03,-2.035433e-06,-0.0298982974,0.03,2.050149e-06,0.0301352515,0.0600335489,4.085581999999999e-06,14694.001711384084,9.08729556968683
199,-0.03,-2.034979e-06,-0.0299000382,0.03,2.049527e-06,0.0301348928,0.060034931,4.084506e-06,14698.210995405563,4.209284021479107
200,-0.03,-2.035109e-06,-0.0298988857,0.03,2.04867e-06,0.0301355002,0.0600343859,4.083779e-06,14700.694111997736,2.4831165921732463
201,-0.03,-2.036803e-06,-0.0298995887,0.03,2.048379e-06,0.0301365427,0.0600361314,4.085182e-06,14696.072635197157,4.62147680057933
202,-0.03,-2.036839e-06,-0.0299016308,0.03,2.045548e-06,0.0301357297,0.0600373605,4.082387e-06,14706.435352650298,10.362717453141158
203,-0.03,-2.036358e-06,-0.0299003586,0.03,2.046105e-06,0.0301370975,0.0600374561,4.082463e-06,14706.184991756201,0.25036089409695705
204,-0.03,-2.034363e-06,-0.0299006838,0.03,2.048741e-06,0.0301344958,0.0600351796,4.083104e-06,14703.318749657124,2.8662420990767714
205,-0.03,-2.034883e-06,-0.029901119,0.03,2.046111e-06,0.0301371549,0.0600382739,4.080994e-06,14711.67904191969,8.360292262565054
206,-0.03,-2.035637e-06,-0.0299004782,0.03,2.047004e-06,0.0301381209,0.0600385991,4.082641e-06,14705.82377926445,5.85526265523913
207,-0.03,-2.036361e-06,-0.0299000813,0.03,2.04868e-06,0.030136691,0.0600367723,4.0850409999999995e-06,14696.736776938104,9.08700232634692
208,-0.03,-2.036685e-06,-0.0299000143,0.03,2.048749e-06,0.0301353089,0.060035323200000004,4.0854339999999996e-06,14694.968319155323,1.7684577827803878
209,-0.03,-2.035926e-06,-0.0299018029,0.03,2.047702e-06,0.0301373557,0.0600391586,4.083628e-06,14702.406438588432,7.438119433109023
210,-0.03,-2.037772e-06,-0.029900373,0.03,2.045668e-06,0.0301357775,0.060036150499999996,4.08344e-06,14702.34667339302,0.05976519541218295
211,-0.03,-2.035681e-06,-0.0299018125,0.03,2.045811e-06,0.0301368297,0.0600386422,4.081492e-06,14709.974244712474,7.6275713194536365
212,-0.03,-2.034894e-06,-0.0299000908,0.03,2.046774e-06,0.0301332715,0.060033362300000004,4.081668e-06,14708.046391818247,1.9278528942268167
213,-0.03,-2.034881e-06,-0.0298996078,0.03,2.047388e-06,0.0301341563,0.0600337641,4.082269e-06,14705.97946877092,2.0669230473267817
214,-0.03,-2.034761e-06,-0.0299016642,0.03,2.048538e-06,0.0301334294,0.060035093600000006,4.083299e-06,14702.595523864406,3.3839449065144436
215,-0.03,-2.034833e-06,-0.0299007221,0.03,2.048947e-06,0.0301345724,0.0600352945,4.08378e-06,14700.913002169558,1.6825216948473098
216,-0.03,-2.036729e-06,-0.029900923,0.03,2.047471e-06,0.0301347111,0.0600356341,4.084200000000001e-06,14699.484378825717,1.4286233438415366
217,-0.03,-2.036171e-06,-0.0299027068,0.03,2.047618e-06,0.0301348976,0.0600376044,4.083789e-06,14701.446230449224,1.961851623507755
218,-0.03,-2.036454e-06,-0.0299010186,0.03,2.047223e-06,0.0301349502,0.0600359688,4.083677e-06,14701.448914789295,0.0026843400701181963
219,-0.03,-2.033694e-06,-0.0298999713,0.03,2.047544e-06,0.0301339793,0.0600339506,4.081238e-06,14709.740181778176,8.291266988881034
220,-0.03,-2.035103e-06,-0.0299016164,0.03,2.046548e-06,0.0301359258,0.0600375422,4.0816509999999995e-06,14709.131721452914,0.6084603252620582
221,-0.03,-2.035541e-06,-0.0299016021,0.03,2.046785e-06,0.030135151,0.0600367531,4.082325999999999e-06,14706.506315272227,2.6254061806866957
222,-0.03,-2.035016e-06,-0.0298999856,0.03,2.04765e-06,0.0301345867,0.060034572300000005,4.082666e-06,14704.747412597553,1.7589026746736636
223,-0.03,-2.034919e-06,-0.0298996843,0.03,2.048167e-06,0.030134845,0.0600345293,4.083086e-06,14703.224301422992,1.5231111745615635
224,-0.03,-2.036365e-06,-0.0298993065,0.03,2.046897e-06,0.0301335346,0.0600328411,4.083262e-06,14702.17710742049,1.047194002501783
225,-0.03,-2.035888e-06,-0.029899383,0.03,2.047744e-06,0.0301354475,0.0600348305,4.083632e-06,14701.33217194889,0.8449354715994559
226,-0.03,-2.035655e-06,-0.0299010569,0.03,2.047152e-06,0.0301350602,0.0600361171,4.082807e-06,14704.617950346415,3.285778397525064
227,-0.03,-2.035641e-06,-0.0299005978,0.03,2.047622e-06,0.0301347828,0.0600353806,4.083263e-06,14702.79543590506,1.8225144413554517
228,-0.03,-2.035953e-06,-0.0299013486,0.03,2.046735e-06,0.0301360119,0.0600373605,4.0826879999999996e-06,14705.351106917797,2.5556710127366387
229,-0.03,-2.034822e-06,-0.0298994978,0.03,2.047748e-06,0.03013674,0.0600362378,4.08257e-06,14705.501142662588,0.15003574479123927
230,-0.03,-2.035172e-06,-0.0299001924,0.03,2.048636e-06,0.030135047,0.0600352394,4.083808e-06,14700.798715316685,4.702427345902834
231,-0.03,-2.035789e-06,-0.0299005032,0.03,2.049309e-06,0.0301353148,0.060035818000000005,4.0850980000000004e-06,14696.29810594507,4.500609371614701
232,-0.03,-2.036081e-06,-0.0298996089,0.03,2.044981e-06,0.0301355874,0.060035196299999996,4.081062e-06,14710.679793641948,14.381687696877634
233,-0.03,-2.035879e-06,-0.0298989298,0.03,2.045123e-06,0.0301363191,0.060035248900000004,4.081002e-06,14710.908963043881,0.22916940193317714
234,-0.03,-2.03604e-06,-0.0299006371,0.03,2.047045e-06,0.0301361661,0.0600368032,4.083085e-06,14703.784809770064,7.124153273816773
235,-0.03,-2.035875e-06,-0.0298983799,0.03,2.047552e-06,0.0301351809,0.060033560799999997,4.083426999999999e-06,14701.759282093204,2.0255276768602926
236,-0.03,-2.035829e-06,-0.0299016654,0.03,2.047677e-06,0.0301359174,0.0600375828,4.083506e-06,14702.4597980265,0.7005159332966286
237,-0.03,-2.03721e-06,-0.0298985329,0.03,2.047164e-06,0.0301377012,0.0600362341,4.084374e-06,14699.005061730391,3.4547362961093313
238,-0.03,-2.035986e-06,-0.0298997381,0.03,2.048396e-06,0.0301372373,0.0600369754,4.084382e-06,14699.15776731951,0.15270558911834087
239,-0.03,-2.036949e-06,-0.0299005893,0.03,2.045958e-06,0.0301371608,0.060037750099999995,4.082907e-06,14704.657759777529,5.4999924580188235
240,-0.03,-2.036089e-06,-0.0298989777,0.03,2.045866e-06,0.0301373234,0.060036301099999995,4.081955e-06,14707.732226347422,3.0744665698930476
241,-0.03,-2.036631e-06,-0.0298999963,0.03,2.045705e-06,0.0301366587,0.060036654999999994,4.082336e-06,14706.446260180444,1.2859661669772322
242,-0.03,-2.035072e-06,-0.0299003024,0.03,2.047595e-06,0.0301360896,0.060036391999999994,4.0826670000000005e-06,14705.189524396672,1.2567357837724558
243,-0.03,-2.034354e-06,-0.0299008093,0.03,2.048145e-06,0.0301354726,0.0600362819,4.082499e-06,14705.76769277837,0.5781683816985606
244,-0.03,-2.035095e-06,-0.0298999485,0.03,2.046244e-06,0.0301362522,0.0600362007,4.081338999999999e-06,14709.927477232352,4.159784453981047
245,-0.03,-2.03587e-06,-0.0299016223,0.03,2.048717e-06,0.0301375052,0.0600391275,4.084586999999999e-06,14698.946919235656,10.980557996696007
246,-0.03,-2.034888e-06,-0.0299002546,0.03,2.050183e-06,0.0301375339,0.060037788499999994,4.085071e-06,14696.87760628885,2.0693129468054394
247,-0.03,-2.036261e-06,-0.0299012206,0.03,2.048542e-06,0.0301365965,0.0600378171,4.084803e-06,14697.848855868937,0.9712495800868055
248,-0.03,-2.035981e-06,-0.0299006324,0.03,2.048193e-06,0.0301379978,0.0600386302,4.084174e-06,14700.311544023343,2.462688154406351
249,-0.03,-2.035902e-06,-0.0299008476,0.03,2.047801e-06,0.0301380599,0.0600389075,4.083702999999999e-06,14702.074930522618,1.7633864992749295
