index,differential_resistance_ohm,negative_voltage_v,positive_voltage_v,negative_current_a,positive_current_a,compliance_hit
1,240689.974569,-0.0299004449,0.0301335798,-1.434077e-07,1.06017e-07,0
2,243226.503836,-0.029901081,0.0301333981,-1.400359e-07,1.067895e-07,0
3,237226.521372,-0.0299030943,0.0301332211,-1.392718e-07,1.138041e-07,0
4,229989.629298,-0.0298997515,0.0301330155,-1.468886e-07,1.141352e-07,0
5,234278.77453,-0.0299012579,0.0301337089,-1.432276e-07,1.130268e-07,0
6,234868.900786,-0.0298997849,0.0301333168,-1.429907e-07,1.126119e-07,0
7,234122.166033,-0.0299033717,0.030133465,-1.434377e-07,1.129961e-07,0
8,230062.717259,-0.0299012244,0.0301337567,-1.450118e-07,1.159387e-07,0
9,228059.603582,-0.0299027309,0.0301334124,-1.457659e-07,1.174817e-07,0
10,231974.948765,-0.0299020087,0.0301344071,-1.448452e-07,1.139604e-07,0
11,234890.656477,-0.0299024631,0.0301332163,-1.432379e-07,1.12352e-07,0
12,238681.310158,-0.0299033478,0.0301336181,-1.40657e-07,1.108791e-07,0
13,235053.363303,-0.0299006792,0.0301342063,-1.414849e-07,1.139247e-07,0
14,230636.663536,-0.0299012149,0.0301333933,-1.45126e-07,1.151735e-07,0
15,232927.500024,-0.0299009662,0.0301320207,-1.439123e-07,1.138202e-07,0
16,236166.166269,-0.0298998662,0.0301330537,-1.393478e-07,1.1485e-07,0
17,235988.861198,-0.0299006266,0.0301347037,-1.425675e-07,1.118315e-07,0
18,233801.382037,-0.029901937,0.0301336754,-1.415487e-07,1.152317e-07,0
19,233413.567397,-0.0299018796,0.0301321833,-1.437518e-07,1.134486e-07,0
20,233939.566878,-0.0299028361,0.0301340341,-1.433836e-07,1.132505e-07,0
21,234809.833827,-0.0299032091,0.0301340963,-1.421717e-07,1.135131e-07,0
22,236081.572778,-0.0299021618,0.0301343737,-1.414785e-07,1.128257e-07,0
23,234801.019881,-0.0299034052,0.0301297682,-1.43291e-07,1.123858e-07,0
24,234151.398015,-0.0299021761,0.0301332355,-1.432751e-07,1.131206e-07,0
25,234065.080655,-0.0299023196,0.0301336181,-1.429926e-07,1.134999e-07,0
26,231637.16301,-0.0299023722,0.0301334172,-1.441406e-07,1.150397e-07,0
27,230470.226085,-0.0299015544,0.0301328051,-1.446347e-07,1.158517e-07,0
28,234021.574971,-0.0299002775,0.0301318964,-1.43368e-07,1.131561e-07,0
29,234432.762155,-0.0299002249,0.0301330824,-1.442016e-07,1.118774e-07,0
30,234714.843307,-0.0298996654,0.0301328337,-1.422398e-07,1.13528e-07,0
31,231529.04344,-0.0299033382,0.0301316334,-1.448813e-07,1.144165e-07,0
32,233148.170112,-0.0299006219,0.0301323507,-1.436719e-07,1.138166e-07,0
33,232278.058208,-0.0299006984,0.0301320303,-1.445139e-07,1.139381e-07,0
34,237001.327211,-0.0299022287,0.0301333359,-1.41889e-07,1.114242e-07,0
35,239441.838548,-0.0299030082,0.0301333933,-1.416206e-07,1.091142e-07,0
36,235816.023801,-0.0299004688,0.0301338811,-1.42083e-07,1.124983e-07,0
37,235139.413183,-0.0299016979,0.0301332976,-1.421578e-07,1.131588e-07,0
38,231252.378443,-0.0299003493,0.0301333694,-1.433803e-07,1.162223e-07,0
39,236653.09502,-0.0299022526,0.0301326855,-1.414663e-07,1.12217e-07,0
40,235656.89636,-0.0299016214,0.0301339289,-1.433269e-07,1.114314e-07,0
41,233826.219535,-0.0299001245,0.0301341728,-1.433033e-07,1.134442e-07,0
42,235324.909671,-0.0299025204,0.0301341824,-1.412487e-07,1.138739e-07,0
43,240374.281018,-0.0298992524,0.0301331426,-1.396893e-07,1.100562e-07,0
44,238950.25838,-0.0299008401,0.0301326166,-1.390054e-07,1.122329e-07,0
45,239470.300657,-0.029901371,0.0301324205,-1.393868e-07,1.113073e-07,0
46,236174.498205,-0.0299006393,0.0301330996,-1.407601e-07,1.134322e-07,0
47,239927.617279,-0.029902074,0.0301332622,-1.402709e-07,1.099518e-07,0
48,240267.375341,-0.0299027005,0.0301318514,-1.386261e-07,1.112395e-07,0
49,235722.995308,-0.0299011845,0.030134233,-1.421256e-07,1.125607e-07,0
50,236315.688598,-0.0299010888,0.0301320761,-1.407521e-07,1.132859e-07,0
51,234905.749224,-0.029900644,0.0301317988,-1.420509e-07,1.135088e-07,0
52,239186.664733,-0.0299019162,0.0301333626,-1.402436e-07,1.10754e-07,0
53,237581.646932,-0.0299025139,0.0301338456,-1.412338e-07,1.11464e-07,0
54,233868.527514,-0.0299025283,0.0301324348,-1.427516e-07,1.139523e-07,0
55,230479.270563,-0.0299002328,0.0301338552,-1.460152e-07,1.144598e-07,0
56,238249.254925,-0.0299020118,0.0301339891,-1.398825e-07,1.121057e-07,0
57,236729.55332,-0.0299024948,0.0301326644,-1.423259e-07,1.112764e-07,0
58,238612.14063,-0.0299006297,0.0301317749,-1.407219e-07,1.10868e-07,0
59,237327.232146,-0.0299007827,0.0301339174,-1.407242e-07,1.122375e-07,0
60,241034.215603,-0.0299002184,0.0301350173,-1.385816e-07,1.104919e-07,0
61,236149.883669,-0.0299019496,0.0301345534,-1.402549e-07,1.139756e-07,0
62,237667.962663,-0.0299014475,0.0301330996,-1.404475e-07,1.121509e-07,0
63,235619.946183,-0.0299008688,0.0301321718,-1.426914e-07,1.120962e-07,0
64,239274.667932,-0.0299024135,0.0301346634,-1.414196e-07,1.094932e-07,0
65,240174.429862,-0.0299009023,0.0301344912,-1.383827e-07,1.115831e-07,0
66,241688.077535,-0.029901457,0.0301350699,-1.379195e-07,1.104855e-07,0
67,241678.702074,-0.0299007923,0.0301342999,-1.394553e-07,1.089534e-07,0
68,238629.740422,-0.0299016866,0.0301349073,-1.386585e-07,1.129304e-07,0
69,235592.853404,-0.029902184,0.0301343669,-1.421963e-07,1.126355e-07,0
70,237403.457322,-0.0299020357,0.0301320283,-1.427302e-07,1.101476e-07,0
71,246057.671303,-0.0299019975,0.0301343765,-1.362146e-07,1.077785e-07,0
72,242097.929044,-0.0299043743,0.0301339269,-1.374948e-07,1.10497e-07,0
73,237865.478199,-0.029901744,0.0301323153,-1.404455e-07,1.119411e-07,0
74,236713.949673,-0.0299030257,0.0301336208,-1.429669e-07,1.106584e-07,0
75,239809.07983,-0.0299031404,0.0301342378,-1.415947e-07,1.087602e-07,0
76,242717.284,-0.0299020788,0.0301330948,-1.379898e-07,1.093563e-07,0
77,243243.966324,-0.0299023848,0.0301358207,-1.370157e-07,1.098073e-07,0
78,237810.098421,-0.029900864,0.0301308471,-1.39221e-07,1.132145e-07,0
79,237195.908895,-0.0299022987,0.030132057,-1.405654e-07,1.125349e-07,0
80,237408.740208,-0.0298996971,0.030133946,-1.424951e-07,1.103753e-07,0
81,239951.119398,-0.0299022892,0.0301338408,-1.389361e-07,1.112654e-07,0
82,236976.735879,-0.0299020309,0.0301353616,-1.406547e-07,1.126925e-07,0
83,235614.079966,-0.029901634,0.0301339174,-1.406179e-07,1.141867e-07,0
84,238063.429348,-0.0299014905,0.0301347973,-1.405049e-07,1.116812e-07,0
85,231647.684817,-0.0299006871,0.0301363468,-1.480282e-07,1.111457e-07,0
86,228509.876604,-0.0299030591,0.0301337978,-1.46307e-07,1.16425e-07,0
87,227437.370705,-0.0299031883,0.0301356151,-1.45943e-07,1.180365e-07,0
88,231235.774944,-0.0299030639,0.0301346921,-1.455029e-07,1.141358e-07,0
89,233005.167194,-0.0299004336,0.0301366098,-1.435838e-07,1.140802e-07,0
90,237351.902567,-0.0299003284,0.0301354381,-1.407097e-07,1.122302e-07,0
91,239070.632845,-0.0298994532,0.0301355577,-1.397177e-07,1.114006e-07,0
92,236216.422655,-0.0299008019,0.030134783,-1.41812e-07,1.12343e-07,0
93,239932.525788,-0.0298990663,0.0301336592,-1.399511e-07,1.102556e-07,0
94,240534.072294,-0.029903686,0.0301364808,-1.389658e-07,1.106461e-07,0
95,236973.247244,-0.0299007449,0.0301363325,-1.419715e-07,1.113781e-07,0
96,240055.12282,-0.029899162,0.0301359356,-1.404357e-07,1.096531e-07,0
97,236996.120574,-0.029900281,0.0301333722,-1.42059e-07,1.112517e-07,0
98,234306.069514,-0.0299005249,0.0301345009,-1.44943e-07,1.112818e-07,0
99,238003.163814,-0.0299019835,0.030136409,-1.403993e-07,1.118595e-07,0
100,240595.243152,-0.0299001328,0.0301368012,-1.388724e-07,1.106626e-07,0
101,237083.574161,-0.0299000228,0.0301352756,-1.418421e-07,1.113821e-07,0
102,234854.227969,-0.0299020122,0.0301345726,-1.432725e-07,1.123609e-07,0
103,240986.813949,-0.0299000371,0.0301362608,-1.401581e-07,1.089688e-07,0
104,243227.755509,-0.0299001758,0.0301350987,-1.391837e-07,1.076437e-07,0
105,244427.884862,-0.0299003719,0.0301339031,-1.377306e-07,1.078808e-07,0
106,237579.617779,-0.0298998937,0.0301356917,-1.420092e-07,1.106875e-07,0
107,239807.27645,-0.0299006445,0.0301338122,-1.403954e-07,1.099492e-07,0
108,247878.702013,-0.0299008214,0.0301360695,-1.387271e-07,1.034756e-07,0
109,242375.320443,-0.0299008358,0.0301364521,-1.372761e-07,1.104277e-07,0
110,237123.095778,-0.0299008071,0.030135773,-1.415889e-07,1.115985e-07,0
111,238537.462322,-0.0298982581,0.0301354669,-1.418966e-07,1.097776e-07,0
112,238509.938227,-0.0298995876,0.0301357251,-1.407959e-07,1.10914e-07,0
113,238928.217019,-0.0298993054,0.0301344913,-1.412786e-07,1.099843e-07,0
114,240159.686848,-0.0299004484,0.0301364473,-1.40084e-07,1.099034e-07,0
115,242250.109954,-0.0299019501,0.0301351369,-1.406889e-07,1.071421e-07,0
116,241246.182507,-0.0298990041,0.0301361699,-1.383346e-07,1.105198e-07,0
117,240859.349449,-0.0299007736,0.03013419,-1.399739e-07,1.092793e-07,0
118,234950.91917,-0.0299016296,0.0301352613,-1.423844e-07,1.131451e-07,0
119,239065.095143,-0.0299012375,0.0301346539,-1.411695e-07,1.099583e-07,0
120,238049.202299,-0.029900611,0.0301338505,-1.40429e-07,1.117645e-07,0
121,239185.237657,-0.0299008119,0.0301342283,-1.405411e-07,1.10457e-07,0
122,238737.94277,-0.0298989324,0.030135376,-1.399346e-07,1.115307e-07,0
123,235111.692566,-0.0299003862,0.030132234,-1.431558e-07,1.121808e-07,0
124,232534.802239,-0.0299004675,0.0301360886,-1.446862e-07,1.134969e-07,0
125,235144.647264,-0.0298995206,0.0301342952,-1.430209e-07,1.12285e-07,0
126,242307.461564,-0.0299004149,0.0301337787,-1.389952e-07,1.087652e-07,0
127,238922.896857,-0.0299008692,0.0301345056,-1.401378e-07,1.111373e-07,0
128,238238.516393,-0.0298999032,0.0301347735,-1.404451e-07,1.115489e-07,0
129,234864.625177,-0.0298994059,0.0301352804,-1.440866e-07,1.115274e-07,0
130,237807.675259,-0.0299004436,0.0301341278,-1.408906e-07,1.115595e-07,0
131,235844.343056,-0.0299000658,0.0301353617,-1.415761e-07,1.129792e-07,0
132,240487.207979,-0.0299015292,0.0301336974,-1.394656e-07,1.101744e-07,0
133,237395.75039,-0.0298995158,0.0301341661,-1.392446e-07,1.136398e-07,0
134,232986.510941,-0.0298992719,0.0301356438,-1.448235e-07,1.12852e-07,0
135,237520.173475,-0.0299007162,0.0301355004,-1.401359e-07,1.126267e-07,0
136,239464.692875,-0.0298999845,0.0301358734,-1.399315e-07,1.107771e-07,0
137,240559.780747,-0.0298993915,0.0301337692,-1.395679e-07,1.099882e-07,0
138,239637.790794,-0.0299013857,0.0301350221,-1.376377e-07,1.128921e-07,0
139,236359.87575,-0.0299003432,0.0301358925,-1.418121e-07,1.121914e-07,0
140,233691.920971,-0.0298998937,0.0301340418,-1.428614e-07,1.140321e-07,0
141,240335.336466,-0.029899688,0.0301341804,-1.398499e-07,1.099422e-07,0
142,241441.543232,-0.029898172,0.0301355434,-1.391939e-07,1.094531e-07,0
143,244206.152692,-0.0298978723,0.0301338854,-1.374804e-07,1.083437e-07,0
144,242738.677987,-0.0298988479,0.0301355975,-1.370631e-07,1.102582e-07,0
145,237668.511701,-0.0299024155,0.0301340528,-1.401889e-07,1.12417e-07,0
146,234824.562227,-0.0298976906,0.0301356549,-1.436274e-07,1.120245e-07,0
147,237536.276983,-0.0299011147,0.0301344928,-1.406378e-07,1.121051e-07,0
148,239571.411525,-0.0298989197,0.0301335554,-1.415149e-07,1.090679e-07,0
149,247771.889118,-0.0299002874,0.0301338998,-1.355464e-07,1.067498e-07,0
150,245883.818513,-0.0298993453,0.030134861,-1.359982e-07,1.081586e-07,0
151,241507.460663,-0.029900493,0.0301343493,-1.402632e-07,1.083206e-07,0
152,240145.660727,-0.0298999622,0.0301343397,-1.398016e-07,1.101896e-07,0
153,241021.996114,-0.0299021621,0.030134971,-1.39449e-07,1.09645e-07,0
154,237855.898236,-0.0299018417,0.0301358175,-1.412551e-07,1.111568e-07,0
155,242243.59518,-0.0299016838,0.0301342489,-1.394276e-07,1.084053e-07,0
156,239085.310573,-0.029902626,0.0301345406,-1.406986e-07,1.104133e-07,0
157,243474.753664,-0.0299019564,0.0301350953,-1.392477e-07,1.073366e-07,0
158,241313.179657,-0.0299010861,0.0301336272,-1.395022e-07,1.092812e-07,0
159,242890.944489,-0.0298984414,0.0301350188,-1.379694e-07,1.091928e-07,0
160,238695.758949,-0.0299015021,0.0301364248,-1.411877e-07,1.103372e-07,0
161,237499.15143,-0.0299001774,0.0301344306,-1.422246e-07,1.105536e-07,0
162,241877.498283,-0.0298996227,0.0301357027,-1.392081e-07,1.089974e-07,0
163,241672.118985,-0.0299003304,0.0301329815,-1.403861e-07,1.08022e-07,0
164,242797.451194,-0.0299009426,0.0301333737,-1.379533e-07,1.093076e-07,0
165,240322.042623,-0.0299019421,0.0301343493,-1.409673e-07,1.088487e-07,0
166,237919.957344,-0.0299014304,0.0301362909,-1.409386e-07,1.114056e-07,0
167,237136.592125,-0.0298999766,0.0301348036,-1.422123e-07,1.109531e-07,0
168,240230.11594,-0.029899857,0.0301351384,-1.400811e-07,1.098251e-07,0
169,240663.807231,-0.0299002778,0.0301344641,-1.397954e-07,1.096594e-07,0
170,242667.567646,-0.0299007704,0.0301345549,-1.383049e-07,1.090925e-07,0
171,234601.420933,-0.0299011004,0.0301339428,-1.424523e-07,1.1345e-07,0
172,233991.172359,-0.0299005935,0.030134311,-1.439264e-07,1.126427e-07,0
173,240073.600845,-0.0298995127,0.0301358127,-1.415768e-07,1.084937e-07,0
174,239236.358296,-0.029901373,0.0301330533,-1.384174e-07,1.125245e-07,0
175,246120.29967,-0.0299004165,0.0301336654,-1.380857e-07,1.05836e-07,0
176,241532.647381,-0.0298993453,0.0301335459,-1.395151e-07,1.090347e-07,0
177,241896.954113,-0.0299011721,0.0301353297,-1.414566e-07,1.067338e-07,0
178,237600.09372,-0.0299009378,0.030132575,-1.41356e-07,1.113102e-07,0
179,242887.302217,-0.0299016265,0.0301362527,-1.3919e-07,1.079941e-07,0
180,241411.396037,-0.0299010191,0.0301343015,-1.38228e-07,1.104567e-07,0
181,248072.571894,-0.0299003878,0.0301335219,-1.363214e-07,1.0568e-07,0
182,240676.948297,-0.0298997183,0.0301327902,-1.390236e-07,1.104083e-07,0
183,234053.139436,-0.0299023055,0.0301337993,-1.434743e-07,1.13032e-07,0
184,238657.676381,-0.0299006317,0.0301353058,-1.418573e-07,1.096994e-07,0
185,241490.92159,-0.0299008039,0.0301327042,-1.405893e-07,1.08006e-07,0
186,245296.028045,-0.0299020043,0.0301350571,-1.390155e-07,1.05738e-07,0
187,241152.39676,-0.0299019612,0.0301336032,-1.389478e-07,1.10005e-07,0
188,238418.814077,-0.0299011434,0.0301344306,-1.398495e-07,1.119577e-07,0
189,236425.177591,-0.0298997853,0.0301348562,-1.425259e-07,1.114007e-07,0
190,239666.256951,-0.0299008039,0.0301352819,-1.404235e-07,1.100752e-07,0
191,242291.795073,-0.0299003591,0.0301347988,-1.384939e-07,1.092865e-07,0
192,241344.032899,-0.0299026164,0.0301350906,-1.388261e-07,1.099379e-07,0
193,244534.066085,-0.029900485,0.030133533,-1.37895e-07,1.076087e-07,0
194,241443.3618,-0.0299023453,0.0301351542,-1.395296e-07,1.091312e-07,0
195,243271.841304,-0.0299017667,0.0301345612,-1.392764e-07,1.075106e-07,0
196,243612.029791,-0.0299011832,0.0301361489,-1.381986e-07,1.082479e-07,0
197,240145.485098,-0.0299030818,0.0301343221,-1.392109e-07,1.107934e-07,0
198,240851.838999,-0.0299013363,0.030132237,-1.411412e-07,1.08114e-07,0
199,246137.772062,-0.029900925,0.0301358189,-1.377313e-07,1.061839e-07,0
200,245489.565606,-0.029901891,0.0301342025,-1.364773e-07,1.080793e-07,0
201,240301.17113,-0.0299014558,0.0301343555,-1.409175e-07,1.089182e-07,0
202,244396.096793,-0.0299006524,0.0301350777,-1.372994e-07,1.083499e-07,0
203,247048.249193,-0.0299010971,0.0301328874,-1.358251e-07,1.0718e-07,0
204,245844.820166,-0.0299018527,0.0301334278,-1.35661e-07,1.085389e-07,0
205,243939.16328,-0.0298993946,0.0301355703,-1.385442e-07,1.075621e-07,0
206,239676.463942,-0.0299010158,0.0301334325,-1.416862e-07,1.08795e-07,0
207,238612.912239,-0.0299001024,0.0301352881,-1.417694e-07,1.098322e-07,0
208,244885.756568,-0.0298995429,0.0301351064,-1.386751e-07,1.064786e-07,0
209,241062.960619,-0.0298991699,0.0301351016,-1.376793e-07,1.113605e-07,0
210,240008.427755,-0.0299009728,0.0301342073,-1.405318e-07,1.09606e-07,0
211,235636.126016,-0.0298980412,0.0301328539,-1.412884e-07,1.134726e-07,0
212,234771.74299,-0.0299000259,0.0301334565,-1.424147e-07,1.132953e-07,0
213,240150.596356,-0.029898639,0.0301353598,-1.417374e-07,1.082474e-07,0
214,240740.4362,-0.0299002794,0.0301369428,-1.40292e-07,1.090937e-07,0
215,241146.961856,-0.0299008437,0.0301353933,-1.393639e-07,1.095973e-07,0
216,242909.598839,-0.0299017428,0.0301340447,-1.383971e-07,1.087557e-07,0
217,238910.753022,-0.0299010206,0.0301349342,-1.408196e-07,1.104707e-07,0
218,240735.342814,-0.0299021253,0.0301335378,-1.395672e-07,1.098173e-07,0
219,244672.576867,-0.0299015036,0.0301343938,-1.377189e-07,1.076535e-07,0
220,243488.09786,-0.0298991746,0.0301343986,-1.362433e-07,1.103132e-07,0
221,240708.347717,-0.0299003559,0.0301348816,-1.395472e-07,1.098635e-07,0
222,237251.882146,-0.0299016901,0.0301346377,-1.426435e-07,1.104054e-07,0
223,242456.295988,-0.0299012502,0.0301352929,-1.397894e-07,1.078286e-07,0
224,245493.332063,-0.0299009489,0.0301328252,-1.360755e-07,1.084679e-07,0
225,242594.451269,-0.029901298,0.0301359768,-1.381317e-07,1.093483e-07,0
226,238669.259624,-0.0299004659,0.0301375501,-1.40664e-07,1.108892e-07,0
227,240675.575564,-0.029902637,0.030134126,-1.405013e-07,1.089497e-07,0
228,240312.01638,-0.0299025797,0.0301325287,-1.412124e-07,1.086091e-07,0
229,242040.146568,-0.0299004946,0.0301372249,-1.386935e-07,1.093551e-07,0
230,238198.67753,-0.0299002889,0.0301361633,-1.40845e-07,1.111986e-07,0
231,236387.767067,-0.0299001072,0.0301345612,-1.42983e-07,1.109839e-07,0
232,239508.763685,-0.0299024792,0.0301353742,-1.401679e-07,1.105029e-07,0
233,242387.798985,-0.0299014032,0.030135049,-1.394408e-07,1.082468e-07,0
234,244249.514656,-0.0299013984,0.0301364024,-1.372217e-07,1.085835e-07,0
235,242602.503342,-0.0299007241,0.0301339825,-1.38818e-07,1.086432e-07,0
236,241619.281769,-0.0298990742,0.0301378084,-1.386046e-07,1.098726e-07,0
237,239076.354065,-0.0299008628,0.030136828,-1.410914e-07,1.100321e-07,0
238,241707.294753,-0.0298994281,0.0301348146,-1.410554e-07,1.073204e-07,0
239,242801.616027,-0.0298990025,0.0301332843,-1.37507e-07,1.097413e-07,0
240,241820.691669,-0.0299006189,0.0301359624,-1.394337e-07,1.088353e-07,0
241,238257.900293,-0.0298995907,0.0301361585,-1.421121e-07,1.098659e-07,0
242,238555.754582,-0.0298993181,0.0301377701,-1.418849e-07,1.097841e-07,0
243,237903.703674,-0.0298996953,0.0301338769,-1.393534e-07,1.129906e-07,0
244,236367.992327,-0.0299000731,0.0301365933,-1.423745e-07,1.116221e-07,0
245,240185.231344,-0.029897921,0.030134336,-1.400243e-07,1.099172e-07,0
246,242310.439022,-0.0299001639,0.0301357851,-1.383318e-07,1.094328e-07,0
247,248790.33385,-0.0298988631,0.0301357372,-1.365098e-07,1.047962e-07,0
248,247520.052327,-0.0298998674,0.0301362203,-1.365396e-07,1.060108e-07,0
249,245306.020557,-0.0298995614,0.0301357755,-1.375767e-07,1.071598e-07,0
250,235916.154391,-0.0299020864,0.0301351777,-1.420575e-07,1.124281e-07,0
