nplc,round,sample_index,sample_wall_time,sample_started_s,sample_ended_s,sample_elapsed_s,differential_resistance_ohm,compliance_hit,negative_source_voltage_v,negative_measured_voltage_v,negative_current_a,negative_resistance_ohm,positive_source_voltage_v,positive_measured_voltage_v,positive_current_a,positive_resistance_ohm
0.01,1,0,2026-05-27T21:38:09.933,15968.4234243,15968.5839755,0.16055120000055467,35130.93128425307,False,-0.03,-0.0297286554,-1.02477e-06,29010.075821891744,0.03,0.030120631,6.788366e-07,44370.95907910681
0.01,1,1,2026-05-27T21:38:10.096,15968.5840437,15968.7472548,0.16321109999989858,25277.122473620762,False,-0.03,-0.0296387473,-1.466113e-06,20215.86828573241,0.03,0.0302119405,9.016679e-07,33506.72736602911
0.01,1,2,2026-05-27T21:38:10.272,15968.7473151,15968.9225691,0.17525399999976798,35419.35764683048,False,-0.03,-0.0297635687,-9.99435e-07,29780.394622961972,0.03,0.0301287339,6.915133e-07,43569.27610792156
0.01,1,3,2026-05-27T21:38:10.434,15968.9226312,15969.0854119,0.16278070000043954,34143.1728104126,False,-0.03,-0.030182673,-1.188664e-06,25392.09818754501,0.03,0.0299892847,5.736783e-07,52275.438516673894
0.01,1,4,2026-05-27T21:38:10.596,15969.0854716,15969.2465216,0.1610500000006141,25955.40105371222,False,-0.03,-0.0299253773,-1.503939e-06,19897.999386943222,0.03,0.0303307533,8.175867e-07,37097.904479121295
0.01,1,5,2026-05-27T21:38:10.757,15969.2465801,15969.4083869,0.16180680000070424,20660.86867827133,False,-0.03,-0.0299617385,-1.314755e-06,22788.837844313202,0.03,0.0299959991,1.58724e-06,18898.212683652124
0.01,1,6,2026-05-27T21:38:10.945,15969.4084418,15969.5952851,0.18684329999996407,30342.942208851084,False,-0.03,-0.0298211165,-5.366406e-07,55569.99694022406,0.03,0.0298984241,1.431512e-06,20885.9053224842
0.01,1,7,2026-05-27T21:38:11.105,15969.5953609,15969.7554911,0.1601301999999123,36350.16297483307,False,-0.03,-0.0302176979,-2.506416e-07,120561.3828670101,0.03,0.0298674712,1.402313e-06,21298.719472756795
0.01,1,8,2026-05-27T21:38:11.268,15969.7555514,15969.9182517,0.1627003000012337,61146.7157866357,False,-0.03,-0.0298982545,-1.959494e-07,152581.5057356644,0.03,0.0300219132,7.839915e-07,38293.67180639076
0.01,1,9,2026-05-27T21:38:11.427,15969.9183089,15970.077637,0.15932810000049358,68197.73141807766,False,-0.03,-0.0300737343,-6.965109e-07,43177.69370156303,0.03,0.0301653696,1.867898e-07,161493.66614236965
0.01,1,10,2026-05-27T21:38:11.589,15970.0776922,15970.2407719,0.16307969999979832,81802.32492656475,False,-0.03,-0.0299487911,-6.501859e-07,46061.88953036354,0.03,0.0302603958,8.584681e-08,352492.95576620725
0.01,1,11,2026-05-27T21:38:11.791,15970.2408306,15970.4417446,0.20091400000092108,68563.71750673732,False,-0.03,-0.029856022,-7.217364e-07,41366.93396647308,0.03,0.0298405419,1.489364e-07,200357.61506253676
0.01,1,12,2026-05-27T21:38:11.943,15970.4418023,15970.5946348,0.15283249999993131,32598.61322155912,False,-0.03,-0.0299178091,-1.070916e-06,27936.653388314306,0.03,0.0304150099,7.798627e-07,39000.46751819262
0.01,1,13,2026-05-27T21:38:12.106,15970.5946991,15970.7565784,0.16187929999978223,46676.28629564718,False,-0.03,-0.0298183339,-5.999053e-07,49705.068283277375,0.03,0.0300672574,6.830929e-07,44016.35180222192
0.01,1,14,2026-05-27T21:38:12.267,15970.7566328,15970.9177104,0.16107759999977134,161624.78701311542,False,-0.03,-0.0295652372,-4.945856e-07,59777.79619948499,0.03,0.0302604848,-1.244337e-07,-243185.60647155874
0.01,1,15,2026-05-27T21:38:12.430,15970.9177657,15971.0810003,0.1632346000005782,52719.57673396618,False,-0.03,-0.0297058524,-2.842814e-07,104494.5339371482,0.03,0.0303875799,8.55588e-07,35516.603669055665
0.01,1,16,2026-05-27T21:38:12.605,15971.081055,15971.2560301,0.17497509999884642,19201.144622395717,False,-0.03,-0.0297784251,-1.403393e-06,21218.87817596354,0.03,0.0301522643,1.717811e-06,17552.72512517384
0.01,1,17,2026-05-27T21:38:12.768,15971.2560837,15971.4184756,0.16239189999942027,44783.98306848832,False,-0.03,-0.0301162803,-1.28659e-07,234078.30233407693,0.03,0.0303380215,1.22125e-06,24841.778096212896
0.01,1,18,2026-05-27T21:38:12.931,15971.4185278,15971.5818991,0.16337129999919853,69070.57787443588,False,-0.03,-0.029930712,-3.474362e-07,86147.36173144882,0.03,0.0302088882,5.232616e-07,57731.90350677367
0.01,1,19,2026-05-27T21:38:13.091,15971.5819532,15971.7416642,0.15971100000024308,35125.08819606372,False,-0.03,-0.0296955696,-1.255746e-06,23647.75169500839,0.03,0.0302825979,4.518132e-07,67024.59755491871
0.01,1,20,2026-05-27T21:38:13.253,15971.7417322,15971.903924,0.16219180000007327,33790.60778631945,False,-0.03,-0.0298954485,-9.656983e-07,30957.337814512044,0.03,0.0300836744,8.093252e-07,37171.30567539476
0.01,1,21,2026-05-27T21:38:13.452,15971.9039798,15972.1030076,0.199027800001204,34574.60310622408,False,-0.03,-0.0300918478,-7.933655e-07,37929.362696008335,0.03,0.0302628621,9.522716e-07,31779.654144888915
0.01,1,22,2026-05-27T21:38:13.616,15972.1030627,15972.2665532,0.16349049999917042,29194.88095160374,False,-0.03,-0.0296774878,-9.319892e-07,31843.16706674283,0.03,0.0302455367,1.120529e-06,26992.194490280926
0.01,1,23,2026-05-27T21:38:13.777,15972.2666082,15972.4280943,0.16148609999982,25239.950992663624,False,-0.03,-0.0296937502,-1.298279e-06,22871.6248202428,0.03,0.0302962372,1.078508e-06,28090.878509941514
0.01,1,24,2026-05-27T21:38:13.939,15972.4281493,15972.589608,0.16145870000036666,21296.952312147958,False,-0.03,-0.0297456192,-1.453809e-06,20460.472593029757,0.03,0.0302734944,1.364393e-06,22188.251039106766
0.01,1,25,2026-05-27T21:38:14.142,15972.589664,15972.7925511,0.20288710000022547,32448.318855998972,False,-0.03,-0.0296499577,-3.095383e-07,95787.68669337528,0.03,0.0301211533,1.532502e-06,19654.886779919372
0.01,1,26,2026-05-27T21:38:14.303,15972.7926066,15972.953723,0.1611164000005374,34202.705954120924,False,-0.03,-0.0299452922,-9.110856e-07,32867.70441767491,0.03,0.0299011046,8.386706e-07,35652.97817760632
0.01,1,27,2026-05-27T21:38:14.467,15972.9537868,15973.1173071,0.16352029999870865,40604.34238945709,False,-0.03,-0.0299006273,-8.478505e-07,35266.3910677649,0.03,0.0302123475,6.326063e-07,47758.530858766346
0.01,1,28,2026-05-27T21:38:14.625,15973.1173592,15973.2760176,0.15865839999969467,26663.516606803354,False,-0.03,-0.0300527487,-1.445092e-06,20796.425902295494,0.03,0.0303941287,8.219337e-07,36978.808266408836
0.01,1,29,2026-05-27T21:38:14.820,15973.2760774,15973.4710689,0.1949915000004694,32762.525815623754,False,-0.03,-0.0296598903,-6.082025e-07,48766.47218648394,0.03,0.0304239119,1.225716e-06,24821.33862982942
0.03,1,0,2026-05-27T21:38:16.382,15974.8705969,15975.0320439,0.16144700000040757,31050.104914794905,False,-0.03,-0.0298720993,-1.237711e-06,24134.95500969128,0.03,0.0301180696,6.94333e-07,43376.98136196897
0.03,1,1,2026-05-27T21:38:16.541,15975.0320996,15975.1923014,0.1602018000012322,34156.329746977244,False,-0.03,-0.0299138104,-8.241167e-07,36298.02720901057,0.03,0.0300922483,9.326897e-07,32263.944053418836
0.03,1,2,2026-05-27T21:38:16.714,15975.1923571,15975.3644075,0.17205039999862493,62773.23518468284,False,-0.03,-0.029875897,-7.245876e-07,41231.58745747236,0.03,0.0301510217,2.316626e-07,130150.57976557285
0.03,1,3,2026-05-27T21:38:16.870,15975.3644634,15975.5210274,0.15656400000079884,38373.27642656943,False,-0.03,-0.0298717035,-8.788808e-07,33988.344608279076,0.03,0.0301183562,6.844483e-07,44003.84397185295
0.03,1,4,2026-05-27T21:38:17.034,15975.5211069,15975.6848335,0.16372659999979078,75559.44426319432,False,-0.03,-0.0298385976,-4.805877e-07,62087.72634006239,0.03,0.030122559,3.12975e-07,96245.8950395399
0.03,1,5,2026-05-27T21:38:17.190,15975.6848873,15975.8414926,0.15660530000059225,32222.73660618928,False,-0.03,-0.0298734711,-1.117112e-06,26741.697430517263,0.03,0.0301667029,7.46174e-07,40428.50983818788
0.03,1,6,2026-05-27T21:38:17.346,15975.8415489,15975.9977408,0.15619189999961236,39843.50450494263,False,-0.03,-0.0298995465,-6.558823e-07,45586.75619085924,0.03,0.030153472,8.5134e-07,35418.83618765711
0.03,1,7,2026-05-27T21:38:17.504,15975.9977981,15976.154239,0.15644090000023425,33394.43032995935,False,-0.03,-0.0299286792,-4.020949e-07,74431.87963836397,0.03,0.0300473136,1.393893e-06,21556.398948843278
0.03,1,8,2026-05-27T21:38:17.698,15976.1544186,15976.3492028,0.1947842000008677,26178.818524526774,False,-0.03,-0.0298912596,-1.070889e-06,27912.565728100675,0.03,0.030156641,1.22287e-06,24660.545274640805
0.03,1,9,2026-05-27T21:38:17.857,15976.3492597,15976.50821,0.15895029999956023,29846.486127685977,False,-0.03,-0.0298068691,-1.383596e-06,21543.043706399843,0.03,0.030076667,6.227888e-07,48293.52583090769
0.03,1,10,2026-05-27T21:38:18.020,15976.5083564,15976.6703957,0.16203930000119726,24542.75044715216,False,-0.03,-0.0299004407,-1.404527e-06,21288.619371503715,0.03,0.0300771083,1.039272e-06,28940.554830689172
0.03,1,11,2026-05-27T21:38:18.177,15976.6704728,15976.8283979,0.15792510000028415,27093.347512942528,False,-0.03,-0.0298742683,-1.429829e-06,20893.59517816466,0.03,0.0301072413,7.840543e-07,38399.4339422665
0.03,1,12,2026-05-27T21:38:18.341,15976.8284545,15976.9919731,0.16351860000031593,25192.373329188686,False,-0.03,-0.0298972228,-1.295134e-06,23084.269890219854,0.03,0.0300752373,1.085446e-06,27707.723184755392
0.03,1,13,2026-05-27T21:38:18.529,15976.9920366,15977.179945,0.1879083999992872,49666.099379161875,False,-0.03,-0.029901865,-6.446624e-07,46383.75838268216,0.03,0.0300553879,5.625444e-07,53427.58349385399
0.03,1,14,2026-05-27T21:38:18.685,15977.1800041,15977.336337,0.15633290000005218,37120.353654662256,False,-0.03,-0.0299219512,-4.00686e-07,74676.80727552249,0.03,0.0301352917,1.21722e-06,24757.473340891538
0.03,1,15,2026-05-27T21:38:18.842,15977.3363966,15977.4926849,0.1562883000005968,37013.963675895924,False,-0.03,-0.029913609,-5.871645e-07,50945.87462286974,0.03,0.0300774944,1.033605e-06,29099.602265855912
0.03,1,16,2026-05-27T21:38:19.005,15977.4927523,15977.6551616,0.16240929999912623,27730.464732862798,False,-0.03,-0.0299202303,-1.159188e-06,25811.369941717825,0.03,0.0301092655,1.005561e-06,29942.753845863157
0.03,1,17,2026-05-27T21:38:19.161,15977.6552196,15977.8115765,0.15635690000090108,30173.106162347474,False,-0.03,-0.0299186781,-9.13867e-07,32738.5474035062,0.03,0.0300686553,1.074239e-06,27990.65692085281
0.03,1,18,2026-05-27T21:38:19.325,15977.8116417,15977.9756739,0.1640322000002925,44949.67315809957,False,-0.03,-0.0299299341,-3.60011e-07,83136.16556160785,0.03,0.0301282232,9.76109e-07,30865.634063408896
0.03,1,19,2026-05-27T21:38:19.503,15977.9757321,15978.1538992,0.17816710000079183,40195.34010331513,False,-0.03,-0.0298837656,-6.656596e-07,44893.46446742449,0.03,0.0301335206,8.274808e-07,36415.97557308883
0.03,1,20,2026-05-27T21:38:19.661,15978.1539563,15978.3117594,0.15780309999900055,31452.301983563975,False,-0.03,-0.0298474261,-8.227083e-07,36279.47609134368,0.03,0.0300806358,1.082655e-06,27784.13788325921
0.03,1,21,2026-05-27T21:38:19.824,15978.3118177,15978.4749417,0.16312400000060734,20614.822125704748,False,-0.03,-0.0299372637,-1.305035e-06,22939.816709896673,0.03,0.0301232372,1.608427e-06,18728.383196750612
0.03,1,22,2026-05-27T21:38:19.982,15978.4749971,15978.6329545,0.1579574000006687,33226.70876449048,False,-0.03,-0.029930987,-8.689865e-07,34443.558099003836,0.03,0.0300717109,9.368709e-07,32098.030689180334
0.03,1,23,2026-05-27T21:38:20.145,15978.6330129,15978.7964408,0.16342790000089735,24224.396286779218,False,-0.03,-0.0299040577,-1.212507e-06,24662.997986815746,0.03,0.0301098977,1.264911e-06,23803.965417329757
0.03,1,24,2026-05-27T21:38:20.311,15978.7964978,15978.9615613,0.16506350000054226,36903.172181957874,False,-0.03,-0.0298593793,-8.255046e-07,36171.06349255958,0.03,0.0301585819,8.008586e-07,37657.81112920558
0.03,1,25,2026-05-27T21:38:20.493,15978.9616136,15979.1436109,0.18199730000014824,63622.697186865815,False,-0.03,-0.0298776996,-3.333736e-07,89622.27242949052,0.03,0.0300645518,6.087784e-07,49385.05012661422
0.03,1,26,2026-05-27T21:38:20.649,15979.1436676,15979.3002713,0.156603700001142,38396.32359319073,False,-0.03,-0.0298913188,-6.390489e-07,46774.697210182196,0.03,0.0301337921,9.242547e-07,32603.342022496614
0.03,1,27,2026-05-27T21:38:20.798,15979.3003264,15979.4491735,0.14884709999932966,29242.488653639673,False,-0.03,-0.0299010307,-6.011723e-07,49737.871655097886,0.03,0.0300788314,1.449948e-06,20744.765605387227
0.03,1,28,2026-05-27T21:38:20.955,15979.449227,15979.605863,0.15663600000152655,41402.08104005191,False,-0.03,-0.029869702,-1.100317e-06,27146.45143172377,0.03,0.0300947164,3.480261e-07,86472.58467109219
0.03,1,29,2026-05-27T21:38:21.119,15979.6059155,15979.7697415,0.16382599999997183,44481.43645743641,False,-0.03,-0.0298791922,-9.15271e-07,32645.186179830893,0.03,0.0301185525,4.335556e-07,69468.71981356024
0.03,1,30,2026-05-27T21:38:21.275,15979.7697935,15979.9261783,0.15638480000052368,42302.696710919336,False,-0.03,-0.029829155,-1.181664e-06,25243.347516722184,0.03,0.0301360513,2.358628e-07,127769.4121328162
0.1,1,0,2026-05-27T21:38:22.808,15981.295662,15981.4590243,0.16336229999978968,26596.166338787963,False,-0.03,-0.0299055842,-8.631038e-07,34648.88487340689,0.03,0.0301553095,1.39515e-06,21614.385191556463
0.1,1,1,2026-05-27T21:38:22.975,15981.4590823,15981.6254932,0.1664108999993914,32650.64538681229,False,-0.03,-0.0299151143,-7.087165e-07,42210.26926845925,0.03,0.0301678034,1.131459e-06,26662.74553474761
0.1,1,2,2026-05-27T21:38:23.146,15981.625548,15981.7969255,0.17137750000074448,31308.734231825078,False,-0.03,-0.0298626881,-9.720128e-07,30722.525567564542,0.03,0.0300815154,9.426032e-07,31913.23284283355
0.1,1,3,2026-05-27T21:38:23.313,15981.7969793,15981.9639037,0.16692440000042552,27479.687730460635,False,-0.03,-0.0299110893,-8.075697e-07,37038.39965763946,0.03,0.0300992094,1.376236e-06,21870.67436108342
0.1,1,4,2026-05-27T21:38:23.467,15981.9639595,15982.1179759,0.15401639999981853,54568.6898622179,False,-0.03,-0.0298596215,-4.075443e-07,73267.17978879841,0.03,0.0301372997,6.919309e-07,43555.360369077316
0.1,1,5,2026-05-27T21:38:23.628,15982.1180351,15982.2786779,0.16064279999955033,30796.028237186878,False,-0.03,-0.0299427238,-8.100902e-07,36962.20964035857,0.03,0.0301469238,1.141124e-06,26418.622165514
0.1,1,6,2026-05-27T21:38:23.790,15982.2787343,15982.4407893,0.1620550000006915,27232.315121356525,False,-0.03,-0.0299443378,-1.004828e-06,29800.46117345456,0.03,0.030144174,1.201687e-06,25084.879839758607
0.1,1,7,2026-05-27T21:38:23.984,15982.4408483,15982.6344241,0.19357579999996233,37296.576858796296,False,-0.03,-0.029831747,-6.275306e-07,47538.3144662587,0.03,0.0301401565,9.804428e-07,30741.371653705857
0.1,1,8,2026-05-27T21:38:24.145,15982.634482,15982.7958039,0.1613219000009849,27086.850144782315,False,-0.03,-0.0298566754,-1.246708e-06,23948.410854827274,0.03,0.0301055579,9.669947e-07,31133.11572441917
0.1,1,9,2026-05-27T21:38:24.306,15982.7958625,15982.9568007,0.16093820000060077,25763.334120252734,False,-0.03,-0.0299058276,-1.018729e-06,29356.01872529397,0.03,0.0301165577,1.311031e-06,22971.659480210612
0.1,1,10,2026-05-27T21:38:24.468,15982.9568531,15983.1185711,0.1617179999993823,26759.5504566874,False,-0.03,-0.0299031375,-9.240858e-07,32359.698092969287,0.03,0.0301103404,1.318608e-06,22834.944426243434
0.1,1,11,2026-05-27T21:38:24.662,15983.1186279,15983.3134076,0.1947797000011633,35919.390444751305,False,-0.03,-0.0298365031,-3.02803e-07,98534.37086158327,0.03,0.0300960056,1.365725e-06,22036.65130242179
0.1,1,12,2026-05-27T21:38:24.825,15983.3134805,15983.4759223,0.1624417999992147,25586.62093421515,False,-0.03,-0.029880859,-1.443161e-06,20705.145856907166,0.03,0.0301295028,9.022195e-07,33394.86987368373
0.1,1,13,2026-05-27T21:38:24.986,15983.4759798,15983.6365273,0.1605474999996659,24824.558015915478,False,-0.03,-0.0299018639,-1.125986e-06,26556.159579248764,0.03,0.0301369751,1.29254e-06,23316.08700697851
0.1,1,14,2026-05-27T21:38:25.148,15983.6365956,15983.7985077,0.16191209999851708,27611.93069475459,False,-0.03,-0.0298854846,-1.061232e-06,28161.12273282374,0.03,0.0301358393,1.112514e-06,27088.053993028407
0.1,1,15,2026-05-27T21:38:25.324,15983.79856,15983.9748823,0.17632230000162963,26195.072095235097,False,-0.03,-0.0298410423,-9.265996e-07,32204.894433366902,0.03,0.0301292904,1.362775e-06,22108.778338317035
0.1,1,16,2026-05-27T21:38:25.493,15983.9749362,15984.1445309,0.16959469999892463,21959.781974784746,False,-0.03,-0.0298568234,-1.333783e-06,22385.068185754353,0.03,0.0300884624,1.395993e-06,21553.4479041084
0.1,1,17,2026-05-27T21:38:25.655,15984.1447007,15984.305464,0.16076329999850714,52708.09669873651,False,-0.03,-0.0298838122,-4.525447e-07,66035.05068118132,0.03,0.0301076158,6.856377e-07,43911.84411242264
0.1,1,18,2026-05-27T21:38:25.816,15984.3055186,15984.4664307,0.16091210000013234,54337.474645122245,False,-0.03,-0.0298668956,-4.239434e-07,70450.19594596825,0.03,0.0301499971,6.805778e-07,44300.58855872172
0.1,1,19,2026-05-27T21:38:25.975,15984.4664868,15984.6267538,0.16026699999929406,52140.7171051631,False,-0.03,-0.0298659381,-6.28374e-07,47528.92083377097,0.03,0.0301379902,5.224335e-07,57687.706090823034
0.1,1,20,2026-05-27T21:38:26.144,15984.6268154,15984.7952614,0.16844599999967613,38702.27340535448,False,-0.03,-0.0298399945,-1.070048e-06,27886.594339693176,0.03,0.0301158723,4.791082e-07,62858.185896213006
0.1,1,21,2026-05-27T21:38:26.321,15984.7953187,15984.9713758,0.17605709999952524,29300.15944820326,False,-0.03,-0.0298659905,-1.321166e-06,22605.78193807591,0.03,0.0301407507,7.268345e-07,41468.519587333845
0.1,1,22,2026-05-27T21:38:26.483,15984.9714311,15985.1337902,0.16235909999886644,35198.378396242915,False,-0.03,-0.0298782457,-9.829797e-07,30395.587721699645,0.03,0.0300825826,7.205314e-07,41750.55049648079
0.1,1,23,2026-05-27T21:38:26.643,15985.1338423,15985.2940105,0.16016820000004373,27073.62524637602,False,-0.03,-0.029894765,-1.324527e-06,22570.143907976206,0.03,0.0301065126,8.916992e-07,33763.08131710783
0.1,1,24,2026-05-27T21:38:26.809,15985.2940687,15985.460313,0.1662443000004714,27077.298757966393,False,-0.03,-0.0298571627,-1.346419e-06,22175.238688699428,0.03,0.0300733936,8.668947e-07,34690.94181796244
0.1,1,25,2026-05-27T21:38:27.008,15985.4603678,15985.6583127,0.19794489999912912,26897.72042850643,False,-0.03,-0.0298189261,-9.619345e-07,30998.9153107618,0.03,0.0301536166,1.267717e-06,23785.763384099133
0.1,1,26,2026-05-27T21:38:27.168,15985.65837,15985.819241,0.16087100000004284,29317.93823376348,False,-0.03,-0.0298683611,-9.539523e-07,31310.120118165236,0.03,0.0301121914,1.091913e-06,27577.46395546165
0.1,1,27,2026-05-27T21:38:27.329,15985.8192995,15985.9797286,0.16042909999850963,27306.214607372298,False,-0.03,-0.0298971102,-8.008454e-07,37331.937225337126,0.03,0.0301591788,1.398518e-06,21565.098768839587
0.1,1,28,2026-05-27T21:38:27.499,15985.9797791,15986.1502309,0.1704518000005919,28777.8853180598,False,-0.03,-0.0299370418,-8.454198e-07,35410.85955166889,0.03,0.0301482992,1.24248e-06,24264.615285557917
0.1,1,29,2026-05-27T21:38:27.695,15986.1502829,15986.3461225,0.19583959999908984,47263.7944578837,False,-0.03,-0.0299120845,-8.92118e-07,33529.29152869912,0.03,0.0301263432,3.781657e-07,79664.39896585015
0.3,1,0,2026-05-27T21:38:29.248,15987.7363758,15987.8985672,0.16219140000066545,29976.34762033589,False,-0.03,-0.0298771159,-1.176599e-06,25392.776893402086,0.03,0.0301227771,8.249755e-07,36513.541432442544
0.3,1,1,2026-05-27T21:38:29.410,15987.8986229,15988.0605977,0.1619747999993706,35789.32062695207,False,-0.03,-0.0298823285,-9.643182e-07,30988.037454856705,0.03,0.0301158907,7.121098e-07,42291.077443394264
0.3,1,2,2026-05-27T21:38:29.591,15988.0606667,15988.2421152,0.18144850000135193,37700.2849777658,False,-0.03,-0.0298782137,-5.268604e-07,56709.92486814344,0.03,0.0301188643,1.064562e-06,28292.259445668737
0.3,1,3,2026-05-27T21:38:29.746,15988.2421678,15988.3965897,0.15442190000067058,38535.69592103321,False,-0.03,-0.0298768428,-6.248682e-07,47813.03129203887,0.03,0.0301212396,9.3208e-07,32316.152690756157
0.3,1,4,2026-05-27T21:38:29.907,15988.3966535,15988.5583379,0.16168440000001283,30355.429130134995,False,-0.03,-0.029876779,-1.131029e-06,26415.572898661307,0.03,0.0301239656,8.455777e-07,35625.30752644021
0.3,1,5,2026-05-27T21:38:30.069,15988.5583946,15988.7196663,0.16127169999890612,31577.571961296442,False,-0.03,-0.0298773529,-1.000351e-06,29866.86962876031,0.03,0.0301213664,8.996912e-07,33479.67213639524
0.3,1,6,2026-05-27T21:38:30.229,15988.7197219,15988.8804761,0.16075419999833684,39311.48297890965,False,-0.03,-0.0298750628,-8.521532e-07,35058.323784971995,0.03,0.0301249215,6.74118e-07,44687.90552989239
0.3,1,7,2026-05-27T21:38:30.420,15988.8805383,15989.0708871,0.19034880000072008,28437.16761888713,False,-0.03,-0.0298786179,-9.244976e-07,32318.76199570448,0.03,0.0301292259,1.185693e-06,25410.646685103144
0.3,1,8,2026-05-27T21:38:30.585,15989.0709555,15989.2354552,0.1644997000003059,29172.87987077085,False,-0.03,-0.0298761947,-8.94495e-07,33400.06897746773,0.03,0.0301178911,1.162007e-06,25918.855135984548
0.3,1,9,2026-05-27T21:38:30.747,15989.2355086,15989.3978094,0.1623007999987749,25406.296419878763,False,-0.03,-0.0298758656,-1.203383e-06,24826.564443739026,0.03,0.0301235424,1.158213e-06,26008.637789422155
0.3,1,10,2026-05-27T21:38:30.908,15989.3978732,15989.5592908,0.16141760000027716,29479.698839680346,False,-0.03,-0.0298854309,-1.119814e-06,26687.852536224764,0.03,0.0301240366,9.158061e-07,32893.465767480695
0.3,1,11,2026-05-27T21:38:31.069,15989.5593447,15989.7193604,0.16001570000116772,37924.066523867594,False,-0.03,-0.0298847932,-9.74414e-07,30669.50310648246,0.03,0.0301195409,6.078091e-07,49554.277650663666
0.3,1,12,2026-05-27T21:38:31.260,15989.7194292,15989.9110299,0.19160069999998086,32757.5262289672,False,-0.03,-0.0298747178,-6.400114e-07,46678.415103230975,0.03,0.0301190012,1.191437e-06,25279.558382021038
0.3,1,13,2026-05-27T21:38:31.421,15989.9110853,15990.0720069,0.16092159999971045,28508.7558438378,False,-0.03,-0.0298784186,-9.382407e-07,31845.152954886737,0.03,0.0301207868,1.166348e-06,25824.871136230355
0.3,1,14,2026-05-27T21:38:31.582,15990.0720724,15990.2322825,0.16021009999894886,28978.895269284916,False,-0.03,-0.0298828186,-9.632003e-07,31024.51130881085,0.03,0.0301187462,1.107326e-06,27199.52949718511
0.3,1,15,2026-05-27T21:38:31.746,15990.2323361,15990.3961704,0.1638342999995075,27166.012486547006,False,-0.03,-0.0298770316,-1.04185e-06,28676.903201036617,0.03,0.0301222854,1.166767e-06,25816.881519617888
0.3,1,16,2026-05-27T21:38:31.942,15990.3962209,15990.5925359,0.19631499999923108,39558.7756629918,False,-0.03,-0.0298808902,-5.236355e-07,57064.294151179594,0.03,0.0301235934,9.932083e-07,30329.58282769083
0.3,1,17,2026-05-27T21:38:32.102,15990.5925908,15990.7530376,0.16044679999868094,27551.972357107596,False,-0.03,-0.0298764901,-1.023069e-06,29202.81046537428,0.03,0.0301255065,1.154706e-06,26089.33053088838
0.3,1,18,2026-05-27T21:38:32.263,15990.7530925,15990.914092,0.16099950000170793,25852.985492009186,False,-0.03,-0.0298786264,-1.118693e-06,26708.512880656268,0.03,0.0301207238,1.202097e-06,25056.816380042543
0.3,1,19,2026-05-27T21:38:32.417,15990.9141452,15991.0680345,0.1538892999997188,31889.96835391236,False,-0.03,-0.0298820832,-1.132433e-06,26387.50654564111,0.03,0.0301207929,7.491266e-07,40207.88061724146
0.3,1,20,2026-05-27T21:38:32.570,15991.0680904,15991.221826,0.15373560000080033,51452.2171748388,False,-0.03,-0.0298801064,-5.289626e-07,56488.126759812505,0.03,0.0301310276,6.373843e-07,47272.936594139515
0.3,1,21,2026-05-27T21:38:32.731,15991.2218816,15991.3828026,0.16092099999877973,42988.63363427916,False,-0.03,-0.0298775238,-7.983048e-07,37426.21089087777,0.03,0.0301174133,5.972952e-07,50422.995697939645
0.3,1,22,2026-05-27T21:38:32.895,15991.382859,15991.5461352,0.16327620000083698,51979.20622636598,False,-0.03,-0.029872566,-6.551506e-07,45596.48728093968,0.03,0.0301199002,4.990122e-07,60359.04573074566
0.3,1,23,2026-05-27T21:38:33.084,15991.5461924,15991.7350833,0.18889090000084252,34662.384089768886,False,-0.03,-0.0298745459,-8.138746e-07,36706.571135160135,0.03,0.0301243633,9.17077e-07,32848.23771613507
0.3,1,24,2026-05-27T21:38:33.238,15991.7351394,15991.8888356,0.15369620000092254,31513.398691969494,False,-0.03,-0.0298805399,-1.183889e-06,25239.308668295762,0.03,0.0301250648,7.202409e-07,41826.37337035428
0.3,1,25,2026-05-27T21:38:33.400,15991.888891,15992.0510529,0.1621618999997736,41202.64984402989,False,-0.03,-0.0298827557,-5.655593e-07,52837.52861989892,0.03,0.0301314254,8.910019e-07,33817.464811242266
0.3,1,26,2026-05-27T21:38:33.562,15992.0511062,15992.213224,0.1621177999986685,34234.40101489157,False,-0.03,-0.029870688,-8.063036e-07,37046.45247770195,0.03,0.0301265342,9.462383e-07,31838.210522655867
0.3,1,27,2026-05-27T21:38:33.723,15992.2133314,15992.3739535,0.1606221000001824,26871.066198126282,False,-0.03,-0.02986996,-1.064435e-06,28061.798043093284,0.03,0.0301187548,1.16803e-06,25785.942826810955
0.3,1,28,2026-05-27T21:38:33.887,15992.3740084,15992.5374744,0.16346599999997125,33612.73114929642,False,-0.03,-0.0298795248,-5.909334e-07,50563.26956641815,0.03,0.0301251632,1.194244e-06,25225.300022440973
0.3,1,29,2026-05-27T21:38:34.074,15992.5375464,15992.7242166,0.1866701999988436,36265.71591455949,False,-0.03,-0.029875396,-9.859157e-07,30302.18100797056,0.03,0.0301183722,6.683676e-07,45062.58561905155
0.3,1,30,2026-05-27T21:38:34.236,15992.7242781,15992.8868056,0.1625274999987596,53998.50503205077,False,-0.03,-0.0298811952,-6.19122e-07,48263.823931309176,0.03,0.0301180287,4.920055e-07,61214.82117577954
1.0,1,0,2026-05-27T21:38:36.004,15994.4368127,15994.6551618,0.21834909999961383,35419.9222121596,False,-0.03,-0.029877111,-8.605181e-07,34719.91001700023,0.03,0.0301184992,8.333199e-07,36142.78166164039
1.0,1,1,2026-05-27T21:38:36.218,15994.655218,15994.8695665,0.2143484999996872,35061.97011603297,False,-0.03,-0.0298754945,-8.61907e-07,34662.085932705035,0.03,0.030122966,8.493049e-07,35467.787834498544
1.0,1,2,2026-05-27T21:38:36.437,15994.8696252,15995.0876862,0.2180609999995795,35298.54086226909,False,-0.03,-0.0298784309,-8.651034e-07,34537.4100945621,0.03,0.0301210052,8.346676e-07,36087.42594057802
1.0,1,3,2026-05-27T21:38:36.661,15995.0877412,15995.3115349,0.22379369999907794,34925.59906993308,False,-0.03,-0.0298792105,-8.736004e-07,34202.37731118255,0.03,0.0301224064,8.443835e-07,35673.84535581285
1.0,1,4,2026-05-27T21:38:36.895,15995.311589,15995.5454952,0.23390619999918272,35257.84256093054,False,-0.03,-0.0298761402,-8.604341e-07,34722.17128540117,0.03,0.0301193839,8.41188e-07,35805.769816022104
1.0,1,5,2026-05-27T21:38:37.119,15995.5455587,15995.7699714,0.2244126999994478,34919.4640305915,False,-0.03,-0.0298766498,-8.663654e-07,34485.04499371743,0.03,0.0301202378,8.517849e-07,35361.319272036875
1.0,1,6,2026-05-27T21:38:37.346,15995.7700265,15995.9966562,0.22662970000055793,35382.889577815775,False,-0.03,-0.0298759611,-8.537036e-07,34995.70705804684,0.03,0.030120979,8.419448e-07,35775.47958013399
1.0,1,7,2026-05-27T21:38:37.570,15995.9967079,15996.2203719,0.2236640000010084,35201.270397106025,False,-0.03,-0.0298770276,-8.563961e-07,34886.926271616605,0.03,0.0301198839,8.480001e-07,35518.72682562184
1.0,1,8,2026-05-27T21:38:37.795,15996.2204288,15996.4459218,0.2254929999999149,35341.76869377907,False,-0.03,-0.0298767215,-8.498354e-07,35155.89195272402,0.03,0.0301233703,8.478751e-07,35528.075184658686
1.0,1,9,2026-05-27T21:38:38.022,15996.4459843,15996.6728999,0.22691560000021127,35525.64229564082,False,-0.03,-0.0298759707,-8.47395e-07,35256.250862938774,0.03,0.0301224233,8.414807e-07,35796.92713094905
1.0,1,10,2026-05-27T21:38:38.246,15996.6729548,15996.897491,0.2245361999994202,35405.63648282037,False,-0.03,-0.0298773433,-8.508438e-07,35114.9568228622,0.03,0.0301193913,8.437094e-07,35698.774127679506
1.0,1,11,2026-05-27T21:38:38.481,15996.897552,15997.1317254,0.2341734000001452,34951.4063062131,False,-0.03,-0.0298781897,-8.700257e-07,34341.73231894184,0.03,0.0301222464,8.466559e-07,35577.90880569072
1.0,1,12,2026-05-27T21:38:38.706,15997.1317793,15997.356992,0.22521270000106597,35236.24843078149,False,-0.03,-0.0298780668,-8.633791e-07,34605.96486526023,0.03,0.0301207512,8.393793e-07,35884.55326453726
1.0,1,13,2026-05-27T21:38:38.931,15997.3570478,15997.5823741,0.22532630000023346,34994.761946979044,False,-0.03,-0.0298784781,-8.64599e-07,34557.61352950906,0.03,0.0301197613,8.49893e-07,35439.47449855452
1.0,1,14,2026-05-27T21:38:39.158,15997.582426,15997.8088022,0.22637619999841263,35240.03193488132,False,-0.03,-0.0298779616,-8.553882e-07,34929.12527902536,0.03,0.0301213538,8.472015e-07,35553.94295217844
1.0,1,15,2026-05-27T21:38:39.383,15997.8088561,15998.0349173,0.22606119999909424,35388.79868707952,False,-0.03,-0.0298773399,-8.510132e-07,35107.96295521621,0.03,0.0301206843,8.443827e-07,35671.83967648792
1.0,1,16,2026-05-27T21:38:39.610,15998.0349792,15998.2607794,0.2258001999998669,35492.33634041369,False,-0.03,-0.0298753456,-8.527375e-07,35034.63328398247,0.03,0.0301220568,8.376951e-07,35958.25832095712
1.0,1,17,2026-05-27T21:38:39.836,15998.2608478,15998.4865958,0.22574799999893003,35149.198328847306,False,-0.03,-0.029876436,-8.582502e-07,34810.86983725725,0.03,0.0301220329,8.487153e-07,35491.32777505013
1.0,1,18,2026-05-27T21:38:40.062,15998.4866511,15998.7127364,0.2260853000007046,35293.77451499429,False,-0.03,-0.0298782581,-8.624539e-07,34643.31032649977,0.03,0.0301204527,8.375261e-07,35963.59886575475
1.0,1,19,2026-05-27T21:38:40.287,15998.7128048,15998.9387412,0.22593640000013693,34865.60994089062,False,-0.03,-0.0298782273,-8.724228e-07,34247.41684880313,0.03,0.0301200414,8.48421e-07,35501.29169362851
1.0,1,20,2026-05-27T21:38:40.515,15998.9388148,15999.1659035,0.22708869999951276,35055.21286542956,False,-0.03,-0.0298782082,-8.57027e-07,34862.62183105083,0.03,0.0301218875,8.545614e-07,35248.35956784381
1.0,1,21,2026-05-27T21:38:40.741,15999.165957,15999.3916549,0.22569790000125067,35262.76771789175,False,-0.03,-0.0298784808,-8.571955e-07,34856.0868553323,0.03,0.0301238196,8.443811e-07,35675.620404104266
1.0,1,22,2026-05-27T21:38:40.967,15999.39171,15999.6173968,0.2256868000004033,35222.91787109958,False,-0.03,-0.0298785047,-8.595938e-07,34758.86482661927,0.03,0.0301212562,8.438358e-07,35695.63675776733
3.0,1,0,2026-05-27T21:38:44.072,16002.0926232,16002.7223069,0.6296836999990774,35164.25203193043,False,-0.03,-0.0298773698,-8.621456e-07,34654.66830660622,0.03,0.0301210937,8.44089e-07,35684.736680610695
3.0,1,1,2026-05-27T21:38:44.710,16002.7223747,16003.3605587,0.6381839999994554,35254.70224906472,False,-0.03,-0.029877483,-8.577703e-07,34831.56621300597,0.03,0.0301205628,8.440749e-07,35684.70381005287
3.0,1,2,2026-05-27T21:38:45.346,16003.3606119,16003.9966604,0.6360485000004701,35254.511636488416,False,-0.03,-0.0298783104,-8.597896e-07,34750.72320018758,0.03,0.0301209199,8.420984e-07,35768.883897653766
3.0,1,3,2026-05-27T21:38:45.974,16003.9967143,16004.6243665,0.627652200000739,35226.33431414585,False,-0.03,-0.0298781812,-8.602105e-07,34733.569515833624,0.03,0.0301209917,8.430372e-07,35729.13710094881
3.0,1,4,2026-05-27T21:38:46.610,16004.6244223,16005.2606716,0.6362492999996903,35275.882967414196,False,-0.03,-0.0298778273,-8.557236e-07,34915.27790048095,0.03,0.0301206538,8.451121e-07,35641.01590783045
3.0,1,5,2026-05-27T21:38:47.234,16005.2607265,16005.8850956,0.6243690999999671,35182.75322792786,False,-0.03,-0.029878186,-8.606732e-07,34714.902241640615,0.03,0.0301207574,8.446778e-07,35659.46376239556
3.0,1,6,2026-05-27T21:38:47.860,16005.8851551,16006.510317,0.6251618999995117,35239.14965695728,False,-0.03,-0.0298786833,-8.598882e-07,34747.17213237721,0.03,0.0301205677,8.427423e-07,35741.13664402511
3.0,1,7,2026-05-27T21:38:48.497,16006.5103849,16007.1471686,0.6367836999997962,35290.20883635712,False,-0.03,-0.0298779022,-8.578689e-07,34828.05146567267,0.03,0.030120217,8.422661e-07,35760.927573839195
10.0,1,0,2026-05-27T21:38:55.536,16012.4449852,16014.1868627,1.7418775000005553,35210.20473352939,False,-0.03,-0.0298761625,-8.60329e-07,34726.43895532988,0.03,0.0301211778,8.436469e-07,35703.536396565905
10.0,1,1,2026-05-27T21:38:57.280,16014.1869192,16015.9314675,1.7445483000010427,35220.0827679352,False,-0.03,-0.0298772462,-8.598831e-07,34745.70694551387,0.03,0.0301213658,8.43651e-07,35703.5857244287
10.0,1,2,2026-05-27T21:38:59.024,16015.9315226,16017.6750117,1.7434890999993513,35212.12004190601,False,-0.03,-0.0298772495,-8.601061e-07,34736.70225103624,0.03,0.0301209741,8.438022e-07,35696.72382935242
